DATAFLOW,LAST UPDATE,freq,unit,geo,TIME_PERIOD,OBS_VALUE,OBS_FLAG
ESTAT:DEMO_MEXRT(1.0),12/04/22 23:00:00,M,PC,AT,2020-01,-2.3,p
ESTAT:DEMO_MEXRT(1.0),12/04/22 23:00:00,M,PC,AT,2020-02,-0.5,p
ESTAT:DEMO_MEXRT(1.0),12/04/22 23:00:00,M,PC,AT,2020-03,5.4,p
ESTAT:DEMO_MEXRT(1.0),12/04/22 23:00:00,M,PC,AT,2020-04,11.0,p
ESTAT:DEMO_MEXRT(1.0),12/04/22 23:00:00,M,PC,AT,2020-05,1.9,p
ESTAT:DEMO_MEXRT(1.0),12/04/22 23:00:00,M,PC,AT,2020-06,2.3,p
ESTAT:DEMO_MEXRT(1.0),12/04/22 23:00:00,M,PC,AT,2020-07,2.6,p
ESTAT:DEMO_MEXRT(1.0),12/04/22 23:00:00,M,PC,AT,2020-08,4.8,p
ESTAT:DEMO_MEXRT(1.0),12/04/22 23:00:00,M,PC,AT,2020-09,9.2,p
ESTAT:DEMO_MEXRT(1.0),12/04/22 23:00:00,M,PC,AT,2020-10,12.2,p
ESTAT:DEMO_MEXRT(1.0),12/04/22 23:00:00,M,PC,AT,2020-11,47.8,p
ESTAT:DEMO_MEXRT(1.0),12/04/22 23:00:00,M,PC,AT,2020-12,38.3,p
ESTAT:DEMO_MEXRT(1.0),12/04/22 23:00:00,M,PC,AT,2021-01,9.2,p
ESTAT:DEMO_MEXRT(1.0),12/04/22 23:00:00,M,PC,AT,2021-02,-2.9,p
ESTAT:DEMO_MEXRT(1.0),12/04/22 23:00:00,M,PC,AT,2021-03,0.3,p
ESTAT:DEMO_MEXRT(1.0),12/04/22 23:00:00,M,PC,AT,2021-04,11.7,p
ESTAT:DEMO_MEXRT(1.0),12/04/22 23:00:00,M,PC,AT,2021-05,9.0,p
ESTAT:DEMO_MEXRT(1.0),12/04/22 23:00:00,M,PC,AT,2021-06,12.2,p
ESTAT:DEMO_MEXRT(1.0),12/04/22 23:00:00,M,PC,AT,2021-07,5.9,p
ESTAT:DEMO_MEXRT(1.0),12/04/22 23:00:00,M,PC,AT,2021-08,9.3,p
ESTAT:DEMO_MEXRT(1.0),12/04/22 23:00:00,M,PC,AT,2021-09,12.6,p
ESTAT:DEMO_MEXRT(1.0),12/04/22 23:00:00,M,PC,AT,2021-10,12.6,p
ESTAT:DEMO_MEXRT(1.0),12/04/22 23:00:00,M,PC,AT,2021-11,34.8,p
ESTAT:DEMO_MEXRT(1.0),12/04/22 23:00:00,M,PC,AT,2021-12,19.8,p
ESTAT:DEMO_MEXRT(1.0),12/04/22 23:00:00,M,PC,AT,2022-01,-2.5,p
ESTAT:DEMO_MEXRT(1.0),12/04/22 23:00:00,M,PC,AT,2022-02,2.7,p
ESTAT:DEMO_MEXRT(1.0),12/04/22 23:00:00,M,PC,BE,2020-01,-4.1,p
ESTAT:DEMO_MEXRT(1.0),12/04/22 23:00:00,M,PC,BE,2020-02,-4.9,p
ESTAT:DEMO_MEXRT(1.0),12/04/22 23:00:00,M,PC,BE,2020-03,11.8,p
ESTAT:DEMO_MEXRT(1.0),12/04/22 23:00:00,M,PC,BE,2020-04,73.1,p
ESTAT:DEMO_MEXRT(1.0),12/04/22 23:00:00,M,PC,BE,2020-05,8.1,p
ESTAT:DEMO_MEXRT(1.0),12/04/22 23:00:00,M,PC,BE,2020-06,-1.1,p
ESTAT:DEMO_MEXRT(1.0),12/04/22 23:00:00,M,PC,BE,2020-07,-7.1,p
ESTAT:DEMO_MEXRT(1.0),12/04/22 23:00:00,M,PC,BE,2020-08,17.8,p
ESTAT:DEMO_MEXRT(1.0),12/04/22 23:00:00,M,PC,BE,2020-09,1.7,p
ESTAT:DEMO_MEXRT(1.0),12/04/22 23:00:00,M,PC,BE,2020-10,22.5,p
ESTAT:DEMO_MEXRT(1.0),12/04/22 23:00:00,M,PC,BE,2020-11,58.8,p
ESTAT:DEMO_MEXRT(1.0),12/04/22 23:00:00,M,PC,BE,2020-12,18.9,p
ESTAT:DEMO_MEXRT(1.0),12/04/22 23:00:00,M,PC,BE,2021-01,1.9,p
ESTAT:DEMO_MEXRT(1.0),12/04/22 23:00:00,M,PC,BE,2021-02,-8.9,p
ESTAT:DEMO_MEXRT(1.0),12/04/22 23:00:00,M,PC,BE,2021-03,-10.2,p
ESTAT:DEMO_MEXRT(1.0),12/04/22 23:00:00,M,PC,BE,2021-04,7.1,p
ESTAT:DEMO_MEXRT(1.0),12/04/22 23:00:00,M,PC,BE,2021-05,5.2,p
ESTAT:DEMO_MEXRT(1.0),12/04/22 23:00:00,M,PC,BE,2021-06,1.0,p
ESTAT:DEMO_MEXRT(1.0),12/04/22 23:00:00,M,PC,BE,2021-07,-1.8,p
ESTAT:DEMO_MEXRT(1.0),12/04/22 23:00:00,M,PC,BE,2021-08,-0.7,p
ESTAT:DEMO_MEXRT(1.0),12/04/22 23:00:00,M,PC,BE,2021-09,3.2,p
ESTAT:DEMO_MEXRT(1.0),12/04/22 23:00:00,M,PC,BE,2021-10,11.4,p
ESTAT:DEMO_MEXRT(1.0),12/04/22 23:00:00,M,PC,BE,2021-11,16.9,p
ESTAT:DEMO_MEXRT(1.0),12/04/22 23:00:00,M,PC,BE,2021-12,13.3,p
ESTAT:DEMO_MEXRT(1.0),12/04/22 23:00:00,M,PC,BE,2022-01,-1.0,p
ESTAT:DEMO_MEXRT(1.0),12/04/22 23:00:00,M,PC,BE,2022-02,-0.3,p
ESTAT:DEMO_MEXRT(1.0),12/04/22 23:00:00,M,PC,BG,2020-01,-11.8,p
ESTAT:DEMO_MEXRT(1.0),12/04/22 23:00:00,M,PC,BG,2020-02,-0.2,p
ESTAT:DEMO_MEXRT(1.0),12/04/22 23:00:00,M,PC,BG,2020-03,-7.0,p
ESTAT:DEMO_MEXRT(1.0),12/04/22 23:00:00,M,PC,BG,2020-04,-4.2,p
ESTAT:DEMO_MEXRT(1.0),12/04/22 23:00:00,M,PC,BG,2020-05,-3.0,
ESTAT:DEMO_MEXRT(1.0),12/04/22 23:00:00,M,PC,BG,2020-06,-0.4,
ESTAT:DEMO_MEXRT(1.0),12/04/22 23:00:00,M,PC,BG,2020-07,5.5,
ESTAT:DEMO_MEXRT(1.0),12/04/22 23:00:00,M,PC,BG,2020-08,5.9,
ESTAT:DEMO_MEXRT(1.0),12/04/22 23:00:00,M,PC,BG,2020-09,4.9,
ESTAT:DEMO_MEXRT(1.0),12/04/22 23:00:00,M,PC,BG,2020-10,12.6,
ESTAT:DEMO_MEXRT(1.0),12/04/22 23:00:00,M,PC,BG,2020-11,94.0,
ESTAT:DEMO_MEXRT(1.0),12/04/22 23:00:00,M,PC,BG,2020-12,74.2,p
ESTAT:DEMO_MEXRT(1.0),12/04/22 23:00:00,M,PC,BG,2021-01,0.3,p
ESTAT:DEMO_MEXRT(1.0),12/04/22 23:00:00,M,PC,BG,2021-02,5.9,p
ESTAT:DEMO_MEXRT(1.0),12/04/22 23:00:00,M,PC,BG,2021-03,53.7,p
ESTAT:DEMO_MEXRT(1.0),12/04/22 23:00:00,M,PC,BG,2021-04,77.3,p
ESTAT:DEMO_MEXRT(1.0),12/04/22 23:00:00,M,PC,BG,2021-05,26.7,p
ESTAT:DEMO_MEXRT(1.0),12/04/22 23:00:00,M,PC,BG,2021-06,9.0,p
ESTAT:DEMO_MEXRT(1.0),12/04/22 23:00:00,M,PC,BG,2021-07,8.1,p
ESTAT:DEMO_MEXRT(1.0),12/04/22 23:00:00,M,PC,BG,2021-08,20.0,p
ESTAT:DEMO_MEXRT(1.0),12/04/22 23:00:00,M,PC,BG,2021-09,51.7,p
ESTAT:DEMO_MEXRT(1.0),12/04/22 23:00:00,M,PC,BG,2021-10,74.3,p
ESTAT:DEMO_MEXRT(1.0),12/04/22 23:00:00,M,PC,BG,2021-11,88.9,p
ESTAT:DEMO_MEXRT(1.0),12/04/22 23:00:00,M,PC,BG,2021-12,43.3,p
ESTAT:DEMO_MEXRT(1.0),12/04/22 23:00:00,M,PC,BG,2022-01,24.8,p
ESTAT:DEMO_MEXRT(1.0),12/04/22 23:00:00,M,PC,BG,2022-02,44.1,p
ESTAT:DEMO_MEXRT(1.0),12/04/22 23:00:00,M,PC,CH,2020-01,-3.7,p
ESTAT:DEMO_MEXRT(1.0),12/04/22 23:00:00,M,PC,CH,2020-02,-0.6,p
ESTAT:DEMO_MEXRT(1.0),12/04/22 23:00:00,M,PC,CH,2020-03,12.1,p
ESTAT:DEMO_MEXRT(1.0),12/04/22 23:00:00,M,PC,CH,2020-04,27.6,p
ESTAT:DEMO_MEXRT(1.0),12/04/22 23:00:00,M,PC,CH,2020-05,-1.4,p
ESTAT:DEMO_MEXRT(1.0),12/04/22 23:00:00,M,PC,CH,2020-06,1.5,p
ESTAT:DEMO_MEXRT(1.0),12/04/22 23:00:00,M,PC,CH,2020-07,1.6,p
ESTAT:DEMO_MEXRT(1.0),12/04/22 23:00:00,M,PC,CH,2020-08,4.9,p
ESTAT:DEMO_MEXRT(1.0),12/04/22 23:00:00,M,PC,CH,2020-09,4.5,p
ESTAT:DEMO_MEXRT(1.0),12/04/22 23:00:00,M,PC,CH,2020-10,15.2,p
ESTAT:DEMO_MEXRT(1.0),12/04/22 23:00:00,M,PC,CH,2020-11,66.1,p
ESTAT:DEMO_MEXRT(1.0),12/04/22 23:00:00,M,PC,CH,2020-12,59.9,p
ESTAT:DEMO_MEXRT(1.0),12/04/22 23:00:00,M,PC,CH,2021-01,23.8,p
ESTAT:DEMO_MEXRT(1.0),12/04/22 23:00:00,M,PC,CH,2021-02,-5.0,p
ESTAT:DEMO_MEXRT(1.0),12/04/22 23:00:00,M,PC,CH,2021-03,-5.5,p
ESTAT:DEMO_MEXRT(1.0),12/04/22 23:00:00,M,PC,CH,2021-04,3.3,p
ESTAT:DEMO_MEXRT(1.0),12/04/22 23:00:00,M,PC,CH,2021-05,3.4,p
ESTAT:DEMO_MEXRT(1.0),12/04/22 23:00:00,M,PC,CH,2021-06,2.8,p
ESTAT:DEMO_MEXRT(1.0),12/04/22 23:00:00,M,PC,CH,2021-07,2.6,p
ESTAT:DEMO_MEXRT(1.0),12/04/22 23:00:00,M,PC,CH,2021-08,8.9,p
ESTAT:DEMO_MEXRT(1.0),12/04/22 23:00:00,M,PC,CH,2021-09,12.7,p
ESTAT:DEMO_MEXRT(1.0),12/04/22 23:00:00,M,PC,CH,2021-10,7.1,p
ESTAT:DEMO_MEXRT(1.0),12/04/22 23:00:00,M,PC,CH,2021-11,16.5,p
ESTAT:DEMO_MEXRT(1.0),12/04/22 23:00:00,M,PC,CH,2021-12,25.7,p
ESTAT:DEMO_MEXRT(1.0),12/04/22 23:00:00,M,PC,CH,2022-01,3.5,p
ESTAT:DEMO_MEXRT(1.0),12/04/22 23:00:00,M,PC,CH,2022-02,1.7,p
ESTAT:DEMO_MEXRT(1.0),12/04/22 23:00:00,M,PC,CY,2020-01,18.0,p
ESTAT:DEMO_MEXRT(1.0),12/04/22 23:00:00,M,PC,CY,2020-02,0.5,p
ESTAT:DEMO_MEXRT(1.0),12/04/22 23:00:00,M,PC,CY,2020-03,9.8,p
ESTAT:DEMO_MEXRT(1.0),12/04/22 23:00:00,M,PC,CY,2020-04,2.9,p
ESTAT:DEMO_MEXRT(1.0),12/04/22 23:00:00,M,PC,CY,2020-05,25.0,p
ESTAT:DEMO_MEXRT(1.0),12/04/22 23:00:00,M,PC,CY,2020-06,8.7,p
ESTAT:DEMO_MEXRT(1.0),12/04/22 23:00:00,M,PC,CY,2020-07,8.8,p
ESTAT:DEMO_MEXRT(1.0),12/04/22 23:00:00,M,PC,CY,2020-08,1.9,p
ESTAT:DEMO_MEXRT(1.0),12/04/22 23:00:00,M,PC,CY,2020-09,7.8,p
ESTAT:DEMO_MEXRT(1.0),12/04/22 23:00:00,M,PC,CY,2020-10,8.4,p
ESTAT:DEMO_MEXRT(1.0),12/04/22 23:00:00,M,PC,CY,2020-11,9.0,p
ESTAT:DEMO_MEXRT(1.0),12/04/22 23:00:00,M,PC,CY,2020-12,12.7,p
ESTAT:DEMO_MEXRT(1.0),12/04/22 23:00:00,M,PC,CY,2021-01,6.3,p
ESTAT:DEMO_MEXRT(1.0),12/04/22 23:00:00,M,PC,CY,2021-02,-5.8,p
ESTAT:DEMO_MEXRT(1.0),12/04/22 23:00:00,M,PC,CY,2021-03,6.9,p
ESTAT:DEMO_MEXRT(1.0),12/04/22 23:00:00,M,PC,CY,2021-04,30.5,p
ESTAT:DEMO_MEXRT(1.0),12/04/22 23:00:00,M,PC,CY,2021-05,14.3,p
ESTAT:DEMO_MEXRT(1.0),12/04/22 23:00:00,M,PC,CY,2021-06,16.3,p
ESTAT:DEMO_MEXRT(1.0),12/04/22 23:00:00,M,PC,CY,2021-07,36.4,p
ESTAT:DEMO_MEXRT(1.0),12/04/22 23:00:00,M,PC,CY,2021-08,52.2,p
ESTAT:DEMO_MEXRT(1.0),12/04/22 23:00:00,M,PC,CY,2021-09,30.8,p
ESTAT:DEMO_MEXRT(1.0),12/04/22 23:00:00,M,PC,CY,2021-10,19.2,p
ESTAT:DEMO_MEXRT(1.0),12/04/22 23:00:00,M,PC,CY,2021-11,21.7,p
ESTAT:DEMO_MEXRT(1.0),12/04/22 23:00:00,M,PC,CY,2021-12,23.5,p
ESTAT:DEMO_MEXRT(1.0),12/04/22 23:00:00,M,PC,CY,2022-01,30.2,p
ESTAT:DEMO_MEXRT(1.0),12/04/22 23:00:00,M,PC,CY,2022-02,22.7,p
ESTAT:DEMO_MEXRT(1.0),12/04/22 23:00:00,M,PC,CZ,2020-01,-2.0,
ESTAT:DEMO_MEXRT(1.0),12/04/22 23:00:00,M,PC,CZ,2020-02,0.0,
ESTAT:DEMO_MEXRT(1.0),12/04/22 23:00:00,M,PC,CZ,2020-03,-0.9,
ESTAT:DEMO_MEXRT(1.0),12/04/22 23:00:00,M,PC,CZ,2020-04,2.9,
ESTAT:DEMO_MEXRT(1.0),12/04/22 23:00:00,M,PC,CZ,2020-05,-1.3,
ESTAT:DEMO_MEXRT(1.0),12/04/22 23:00:00,M,PC,CZ,2020-06,3.9,
ESTAT:DEMO_MEXRT(1.0),12/04/22 23:00:00,M,PC,CZ,2020-07,4.1,
ESTAT:DEMO_MEXRT(1.0),12/04/22 23:00:00,M,PC,CZ,2020-08,6.9,
ESTAT:DEMO_MEXRT(1.0),12/04/22 23:00:00,M,PC,CZ,2020-09,11.4,
ESTAT:DEMO_MEXRT(1.0),12/04/22 23:00:00,M,PC,CZ,2020-10,52.8,
ESTAT:DEMO_MEXRT(1.0),12/04/22 23:00:00,M,PC,CZ,2020-11,75.8,
ESTAT:DEMO_MEXRT(1.0),12/04/22 23:00:00,M,PC,CZ,2020-12,44.9,p
ESTAT:DEMO_MEXRT(1.0),12/04/22 23:00:00,M,PC,CZ,2021-01,54.6,p
ESTAT:DEMO_MEXRT(1.0),12/04/22 23:00:00,M,PC,CZ,2021-02,41.1,p
ESTAT:DEMO_MEXRT(1.0),12/04/22 23:00:00,M,PC,CZ,2021-03,62.1,p
ESTAT:DEMO_MEXRT(1.0),12/04/22 23:00:00,M,PC,CZ,2021-04,31.1,p
ESTAT:DEMO_MEXRT(1.0),12/04/22 23:00:00,M,PC,CZ,2021-05,7.4,p
ESTAT:DEMO_MEXRT(1.0),12/04/22 23:00:00,M,PC,CZ,2021-06,1.2,p
ESTAT:DEMO_MEXRT(1.0),12/04/22 23:00:00,M,PC,CZ,2021-07,0.0,p
ESTAT:DEMO_MEXRT(1.0),12/04/22 23:00:00,M,PC,CZ,2021-08,-0.6,p
ESTAT:DEMO_MEXRT(1.0),12/04/22 23:00:00,M,PC,CZ,2021-09,4.8,p
ESTAT:DEMO_MEXRT(1.0),12/04/22 23:00:00,M,PC,CZ,2021-10,8.8,p
ESTAT:DEMO_MEXRT(1.0),12/04/22 23:00:00,M,PC,CZ,2021-11,43.4,p
ESTAT:DEMO_MEXRT(1.0),12/04/22 23:00:00,M,PC,CZ,2021-12,40.8,p
ESTAT:DEMO_MEXRT(1.0),12/04/22 23:00:00,M,PC,CZ,2022-01,4.3,p
ESTAT:DEMO_MEXRT(1.0),12/04/22 23:00:00,M,PC,CZ,2022-02,3.8,p
ESTAT:DEMO_MEXRT(1.0),12/04/22 23:00:00,M,PC,DE,2020-01,-2.4,
ESTAT:DEMO_MEXRT(1.0),12/04/22 23:00:00,M,PC,DE,2020-02,-4.3,
ESTAT:DEMO_MEXRT(1.0),12/04/22 23:00:00,M,PC,DE,2020-03,-2.6,
ESTAT:DEMO_MEXRT(1.0),12/04/22 23:00:00,M,PC,DE,2020-04,9.0,
ESTAT:DEMO_MEXRT(1.0),12/04/22 23:00:00,M,PC,DE,2020-05,1.7,
ESTAT:DEMO_MEXRT(1.0),12/04/22 23:00:00,M,PC,DE,2020-06,2.5,
ESTAT:DEMO_MEXRT(1.0),12/04/22 23:00:00,M,PC,DE,2020-07,-0.5,
ESTAT:DEMO_MEXRT(1.0),12/04/22 23:00:00,M,PC,DE,2020-08,7.2,
ESTAT:DEMO_MEXRT(1.0),12/04/22 23:00:00,M,PC,DE,2020-09,6.0,
ESTAT:DEMO_MEXRT(1.0),12/04/22 23:00:00,M,PC,DE,2020-10,5.4,
ESTAT:DEMO_MEXRT(1.0),12/04/22 23:00:00,M,PC,DE,2020-11,13.0,
ESTAT:DEMO_MEXRT(1.0),12/04/22 23:00:00,M,PC,DE,2020-12,30.9,p
ESTAT:DEMO_MEXRT(1.0),12/04/22 23:00:00,M,PC,DE,2021-01,23.2,p
ESTAT:DEMO_MEXRT(1.0),12/04/22 23:00:00,M,PC,DE,2021-02,-1.8,p
ESTAT:DEMO_MEXRT(1.0),12/04/22 23:00:00,M,PC,DE,2021-03,-9.2,p
ESTAT:DEMO_MEXRT(1.0),12/04/22 23:00:00,M,PC,DE,2021-04,6.8,p
ESTAT:DEMO_MEXRT(1.0),12/04/22 23:00:00,M,PC,DE,2021-05,8.1,p
ESTAT:DEMO_MEXRT(1.0),12/04/22 23:00:00,M,PC,DE,2021-06,8.5,p
ESTAT:DEMO_MEXRT(1.0),12/04/22 23:00:00,M,PC,DE,2021-07,3.4,p
ESTAT:DEMO_MEXRT(1.0),12/04/22 23:00:00,M,PC,DE,2021-08,4.2,p
ESTAT:DEMO_MEXRT(1.0),12/04/22 23:00:00,M,PC,DE,2021-09,11.1,p
ESTAT:DEMO_MEXRT(1.0),12/04/22 23:00:00,M,PC,DE,2021-10,12.0,p
ESTAT:DEMO_MEXRT(1.0),12/04/22 23:00:00,M,PC,DE,2021-11,22.7,p
ESTAT:DEMO_MEXRT(1.0),12/04/22 23:00:00,M,PC,DE,2021-12,23.1,p
ESTAT:DEMO_MEXRT(1.0),12/04/22 23:00:00,M,PC,DE,2022-01,2.6,p
ESTAT:DEMO_MEXRT(1.0),12/04/22 23:00:00,M,PC,DE,2022-02,-2.0,p
ESTAT:DEMO_MEXRT(1.0),12/04/22 23:00:00,M,PC,DK,2020-01,-2.1,p
ESTAT:DEMO_MEXRT(1.0),12/04/22 23:00:00,M,PC,DK,2020-02,-7.0,p
ESTAT:DEMO_MEXRT(1.0),12/04/22 23:00:00,M,PC,DK,2020-03,-3.9,p
ESTAT:DEMO_MEXRT(1.0),12/04/22 23:00:00,M,PC,DK,2020-04,6.4,p
ESTAT:DEMO_MEXRT(1.0),12/04/22 23:00:00,M,PC,DK,2020-05,-0.9,p
ESTAT:DEMO_MEXRT(1.0),12/04/22 23:00:00,M,PC,DK,2020-06,0.8,p
ESTAT:DEMO_MEXRT(1.0),12/04/22 23:00:00,M,PC,DK,2020-07,2.2,p
ESTAT:DEMO_MEXRT(1.0),12/04/22 23:00:00,M,PC,DK,2020-08,1.5,p
ESTAT:DEMO_MEXRT(1.0),12/04/22 23:00:00,M,PC,DK,2020-09,4.2,p
ESTAT:DEMO_MEXRT(1.0),12/04/22 23:00:00,M,PC,DK,2020-10,1.8,p
ESTAT:DEMO_MEXRT(1.0),12/04/22 23:00:00,M,PC,DK,2020-11,5.5,p
ESTAT:DEMO_MEXRT(1.0),12/04/22 23:00:00,M,PC,DK,2020-12,10.6,p
ESTAT:DEMO_MEXRT(1.0),12/04/22 23:00:00,M,PC,DK,2021-01,10.8,p
ESTAT:DEMO_MEXRT(1.0),12/04/22 23:00:00,M,PC,DK,2021-02,-7.3,p
ESTAT:DEMO_MEXRT(1.0),12/04/22 23:00:00,M,PC,DK,2021-03,-12.1,p
ESTAT:DEMO_MEXRT(1.0),12/04/22 23:00:00,M,PC,DK,2021-04,-2.3,p
ESTAT:DEMO_MEXRT(1.0),12/04/22 23:00:00,M,PC,DK,2021-05,5.8,p
ESTAT:DEMO_MEXRT(1.0),12/04/22 23:00:00,M,PC,DK,2021-06,6.1,p
ESTAT:DEMO_MEXRT(1.0),12/04/22 23:00:00,M,PC,DK,2021-07,8.2,p
ESTAT:DEMO_MEXRT(1.0),12/04/22 23:00:00,M,PC,DK,2021-08,12.3,p
ESTAT:DEMO_MEXRT(1.0),12/04/22 23:00:00,M,PC,DK,2021-09,11.1,p
ESTAT:DEMO_MEXRT(1.0),12/04/22 23:00:00,M,PC,DK,2021-10,13.9,p
ESTAT:DEMO_MEXRT(1.0),12/04/22 23:00:00,M,PC,DK,2021-11,14.0,p
ESTAT:DEMO_MEXRT(1.0),12/04/22 23:00:00,M,PC,DK,2021-12,17.7,p
ESTAT:DEMO_MEXRT(1.0),12/04/22 23:00:00,M,PC,DK,2022-01,10.4,p
ESTAT:DEMO_MEXRT(1.0),12/04/22 23:00:00,M,PC,DK,2022-02,6.7,p
ESTAT:DEMO_MEXRT(1.0),12/04/22 23:00:00,M,PC,EE,2020-01,-9.5,
ESTAT:DEMO_MEXRT(1.0),12/04/22 23:00:00,M,PC,EE,2020-02,-5.7,
ESTAT:DEMO_MEXRT(1.0),12/04/22 23:00:00,M,PC,EE,2020-03,-0.9,
ESTAT:DEMO_MEXRT(1.0),12/04/22 23:00:00,M,PC,EE,2020-04,5.0,
ESTAT:DEMO_MEXRT(1.0),12/04/22 23:00:00,M,PC,EE,2020-05,1.2,
ESTAT:DEMO_MEXRT(1.0),12/04/22 23:00:00,M,PC,EE,2020-06,1.9,
ESTAT:DEMO_MEXRT(1.0),12/04/22 23:00:00,M,PC,EE,2020-07,3.6,
ESTAT:DEMO_MEXRT(1.0),12/04/22 23:00:00,M,PC,EE,2020-08,4.1,
ESTAT:DEMO_MEXRT(1.0),12/04/22 23:00:00,M,PC,EE,2020-09,7.3,
ESTAT:DEMO_MEXRT(1.0),12/04/22 23:00:00,M,PC,EE,2020-10,0.7,
ESTAT:DEMO_MEXRT(1.0),12/04/22 23:00:00,M,PC,EE,2020-11,5.8,
ESTAT:DEMO_MEXRT(1.0),12/04/22 23:00:00,M,PC,EE,2020-12,13.6,
ESTAT:DEMO_MEXRT(1.0),12/04/22 23:00:00,M,PC,EE,2021-01,12.7,p
ESTAT:DEMO_MEXRT(1.0),12/04/22 23:00:00,M,PC,EE,2021-02,9.5,p
ESTAT:DEMO_MEXRT(1.0),12/04/22 23:00:00,M,PC,EE,2021-03,30.8,p
ESTAT:DEMO_MEXRT(1.0),12/04/22 23:00:00,M,PC,EE,2021-04,26.8,p
ESTAT:DEMO_MEXRT(1.0),12/04/22 23:00:00,M,PC,EE,2021-05,14.4,p
ESTAT:DEMO_MEXRT(1.0),12/04/22 23:00:00,M,PC,EE,2021-06,18.7,p
ESTAT:DEMO_MEXRT(1.0),12/04/22 23:00:00,M,PC,EE,2021-07,15.1,p
ESTAT:DEMO_MEXRT(1.0),12/04/22 23:00:00,M,PC,EE,2021-08,10.6,p
ESTAT:DEMO_MEXRT(1.0),12/04/22 23:00:00,M,PC,EE,2021-09,21.3,p
ESTAT:DEMO_MEXRT(1.0),12/04/22 23:00:00,M,PC,EE,2021-10,27.6,p
ESTAT:DEMO_MEXRT(1.0),12/04/22 23:00:00,M,PC,EE,2021-11,40.5,p
ESTAT:DEMO_MEXRT(1.0),12/04/22 23:00:00,M,PC,EE,2021-12,23.6,p
ESTAT:DEMO_MEXRT(1.0),12/04/22 23:00:00,M,PC,EE,2022-01,7.8,p
ESTAT:DEMO_MEXRT(1.0),12/04/22 23:00:00,M,PC,EE,2022-02,19.4,p
ESTAT:DEMO_MEXRT(1.0),12/04/22 23:00:00,M,PC,EL,2020-01,0.8,p
ESTAT:DEMO_MEXRT(1.0),12/04/22 23:00:00,M,PC,EL,2020-02,6.6,p
ESTAT:DEMO_MEXRT(1.0),12/04/22 23:00:00,M,PC,EL,2020-03,7.6,p
ESTAT:DEMO_MEXRT(1.0),12/04/22 23:00:00,M,PC,EL,2020-04,1.3,p
ESTAT:DEMO_MEXRT(1.0),12/04/22 23:00:00,M,PC,EL,2020-05,3.5,p
ESTAT:DEMO_MEXRT(1.0),12/04/22 23:00:00,M,PC,EL,2020-06,-1.5,p
ESTAT:DEMO_MEXRT(1.0),12/04/22 23:00:00,M,PC,EL,2020-07,5.6,p
ESTAT:DEMO_MEXRT(1.0),12/04/22 23:00:00,M,PC,EL,2020-08,6.5,p
ESTAT:DEMO_MEXRT(1.0),12/04/22 23:00:00,M,PC,EL,2020-09,10.3,p
ESTAT:DEMO_MEXRT(1.0),12/04/22 23:00:00,M,PC,EL,2020-10,4.2,p
ESTAT:DEMO_MEXRT(1.0),12/04/22 23:00:00,M,PC,EL,2020-11,28.1,p
ESTAT:DEMO_MEXRT(1.0),12/04/22 23:00:00,M,PC,EL,2020-12,19.9,p
ESTAT:DEMO_MEXRT(1.0),12/04/22 23:00:00,M,PC,EL,2021-01,-7.8,p
ESTAT:DEMO_MEXRT(1.0),12/04/22 23:00:00,M,PC,EL,2021-02,-2.8,p
ESTAT:DEMO_MEXRT(1.0),12/04/22 23:00:00,M,PC,EL,2021-03,16.1,p
ESTAT:DEMO_MEXRT(1.0),12/04/22 23:00:00,M,PC,EL,2021-04,24.8,p
ESTAT:DEMO_MEXRT(1.0),12/04/22 23:00:00,M,PC,EL,2021-05,21.4,p
ESTAT:DEMO_MEXRT(1.0),12/04/22 23:00:00,M,PC,EL,2021-06,12.8,p
ESTAT:DEMO_MEXRT(1.0),12/04/22 23:00:00,M,PC,EL,2021-07,21.2,p
ESTAT:DEMO_MEXRT(1.0),12/04/22 23:00:00,M,PC,EL,2021-08,34.1,p
ESTAT:DEMO_MEXRT(1.0),12/04/22 23:00:00,M,PC,EL,2021-09,24.8,p
ESTAT:DEMO_MEXRT(1.0),12/04/22 23:00:00,M,PC,EL,2021-10,18.0,p
ESTAT:DEMO_MEXRT(1.0),12/04/22 23:00:00,M,PC,EL,2021-11,31.3,p
ESTAT:DEMO_MEXRT(1.0),12/04/22 23:00:00,M,PC,EL,2021-12,32.1,p
ESTAT:DEMO_MEXRT(1.0),12/04/22 23:00:00,M,PC,EL,2022-01,20.3,p
ESTAT:DEMO_MEXRT(1.0),12/04/22 23:00:00,M,PC,EL,2022-02,24.9,p
ESTAT:DEMO_MEXRT(1.0),12/04/22 23:00:00,M,PC,ES,2020-01,-4.8,p
ESTAT:DEMO_MEXRT(1.0),12/04/22 23:00:00,M,PC,ES,2020-02,-2.7,p
ESTAT:DEMO_MEXRT(1.0),12/04/22 23:00:00,M,PC,ES,2020-03,54.3,p
ESTAT:DEMO_MEXRT(1.0),12/04/22 23:00:00,M,PC,ES,2020-04,80.8,p
ESTAT:DEMO_MEXRT(1.0),12/04/22 23:00:00,M,PC,ES,2020-05,5.5,p
ESTAT:DEMO_MEXRT(1.0),12/04/22 23:00:00,M,PC,ES,2020-06,-3.0,p
ESTAT:DEMO_MEXRT(1.0),12/04/22 23:00:00,M,PC,ES,2020-07,6.6,p
ESTAT:DEMO_MEXRT(1.0),12/04/22 23:00:00,M,PC,ES,2020-08,12.3,p
ESTAT:DEMO_MEXRT(1.0),12/04/22 23:00:00,M,PC,ES,2020-09,15.0,p
ESTAT:DEMO_MEXRT(1.0),12/04/22 23:00:00,M,PC,ES,2020-10,22.1,p
ESTAT:DEMO_MEXRT(1.0),12/04/22 23:00:00,M,PC,ES,2020-11,24.4,p
ESTAT:DEMO_MEXRT(1.0),12/04/22 23:00:00,M,PC,ES,2020-12,7.3,p
ESTAT:DEMO_MEXRT(1.0),12/04/22 23:00:00,M,PC,ES,2021-01,17.9,p
ESTAT:DEMO_MEXRT(1.0),12/04/22 23:00:00,M,PC,ES,2021-02,9.8,p
ESTAT:DEMO_MEXRT(1.0),12/04/22 23:00:00,M,PC,ES,2021-03,-0.7,p
ESTAT:DEMO_MEXRT(1.0),12/04/22 23:00:00,M,PC,ES,2021-04,3.5,p
ESTAT:DEMO_MEXRT(1.0),12/04/22 23:00:00,M,PC,ES,2021-05,3.9,p
ESTAT:DEMO_MEXRT(1.0),12/04/22 23:00:00,M,PC,ES,2021-06,3.7,p
ESTAT:DEMO_MEXRT(1.0),12/04/22 23:00:00,M,PC,ES,2021-07,9.1,p
ESTAT:DEMO_MEXRT(1.0),12/04/22 23:00:00,M,PC,ES,2021-08,20.3,p
ESTAT:DEMO_MEXRT(1.0),12/04/22 23:00:00,M,PC,ES,2021-09,11.7,p
ESTAT:DEMO_MEXRT(1.0),12/04/22 23:00:00,M,PC,ES,2021-10,4.9,p
ESTAT:DEMO_MEXRT(1.0),12/04/22 23:00:00,M,PC,ES,2021-11,9.7,p
ESTAT:DEMO_MEXRT(1.0),12/04/22 23:00:00,M,PC,ES,2021-12,10.9,p
ESTAT:DEMO_MEXRT(1.0),12/04/22 23:00:00,M,PC,ES,2022-01,6.6,p
ESTAT:DEMO_MEXRT(1.0),12/04/22 23:00:00,M,PC,ES,2022-02,6.2,e
ESTAT:DEMO_MEXRT(1.0),12/04/22 23:00:00,M,PC,EU27_2020,2020-01,-5.6,p
ESTAT:DEMO_MEXRT(1.0),12/04/22 23:00:00,M,PC,EU27_2020,2020-02,-2.5,p
ESTAT:DEMO_MEXRT(1.0),12/04/22 23:00:00,M,PC,EU27_2020,2020-03,13.7,p
ESTAT:DEMO_MEXRT(1.0),12/04/22 23:00:00,M,PC,EU27_2020,2020-04,25.2,p
ESTAT:DEMO_MEXRT(1.0),12/04/22 23:00:00,M,PC,EU27_2020,2020-05,3.1,p
ESTAT:DEMO_MEXRT(1.0),12/04/22 23:00:00,M,PC,EU27_2020,2020-06,1.8,p
ESTAT:DEMO_MEXRT(1.0),12/04/22 23:00:00,M,PC,EU27_2020,2020-07,2.8,p
ESTAT:DEMO_MEXRT(1.0),12/04/22 23:00:00,M,PC,EU27_2020,2020-08,7.7,p
ESTAT:DEMO_MEXRT(1.0),12/04/22 23:00:00,M,PC,EU27_2020,2020-09,8.1,p
ESTAT:DEMO_MEXRT(1.0),12/04/22 23:00:00,M,PC,EU27_2020,2020-10,17.3,p
ESTAT:DEMO_MEXRT(1.0),12/04/22 23:00:00,M,PC,EU27_2020,2020-11,40.0,p
ESTAT:DEMO_MEXRT(1.0),12/04/22 23:00:00,M,PC,EU27_2020,2020-12,29.7,p
ESTAT:DEMO_MEXRT(1.0),12/04/22 23:00:00,M,PC,EU27_2020,2021-01,17.4,p
ESTAT:DEMO_MEXRT(1.0),12/04/22 23:00:00,M,PC,EU27_2020,2021-02,6.1,p
ESTAT:DEMO_MEXRT(1.0),12/04/22 23:00:00,M,PC,EU27_2020,2021-03,10.8,p
ESTAT:DEMO_MEXRT(1.0),12/04/22 23:00:00,M,PC,EU27_2020,2021-04,21.0,p
ESTAT:DEMO_MEXRT(1.0),12/04/22 23:00:00,M,PC,EU27_2020,2021-05,10.7,p
ESTAT:DEMO_MEXRT(1.0),12/04/22 23:00:00,M,PC,EU27_2020,2021-06,7.0,p
ESTAT:DEMO_MEXRT(1.0),12/04/22 23:00:00,M,PC,EU27_2020,2021-07,5.7,p
ESTAT:DEMO_MEXRT(1.0),12/04/22 23:00:00,M,PC,EU27_2020,2021-08,9.1,p
ESTAT:DEMO_MEXRT(1.0),12/04/22 23:00:00,M,PC,EU27_2020,2021-09,13.0,p
ESTAT:DEMO_MEXRT(1.0),12/04/22 23:00:00,M,PC,EU27_2020,2021-10,18.1,p
ESTAT:DEMO_MEXRT(1.0),12/04/22 23:00:00,M,PC,EU27_2020,2021-11,26.4,p
ESTAT:DEMO_MEXRT(1.0),12/04/22 23:00:00,M,PC,EU27_2020,2021-12,23.4,p
ESTAT:DEMO_MEXRT(1.0),12/04/22 23:00:00,M,PC,EU27_2020,2022-01,7.2,p
ESTAT:DEMO_MEXRT(1.0),12/04/22 23:00:00,M,PC,EU27_2020,2022-02,7.4,ep
ESTAT:DEMO_MEXRT(1.0),12/04/22 23:00:00,M,PC,FI,2020-01,-9.7,
ESTAT:DEMO_MEXRT(1.0),12/04/22 23:00:00,M,PC,FI,2020-02,-0.4,
ESTAT:DEMO_MEXRT(1.0),12/04/22 23:00:00,M,PC,FI,2020-03,0.6,
ESTAT:DEMO_MEXRT(1.0),12/04/22 23:00:00,M,PC,FI,2020-04,8.1,
ESTAT:DEMO_MEXRT(1.0),12/04/22 23:00:00,M,PC,FI,2020-05,5.6,
ESTAT:DEMO_MEXRT(1.0),12/04/22 23:00:00,M,PC,FI,2020-06,5.7,
ESTAT:DEMO_MEXRT(1.0),12/04/22 23:00:00,M,PC,FI,2020-07,1.7,
ESTAT:DEMO_MEXRT(1.0),12/04/22 23:00:00,M,PC,FI,2020-08,3.5,
ESTAT:DEMO_MEXRT(1.0),12/04/22 23:00:00,M,PC,FI,2020-09,7.2,
ESTAT:DEMO_MEXRT(1.0),12/04/22 23:00:00,M,PC,FI,2020-10,2.3,
ESTAT:DEMO_MEXRT(1.0),12/04/22 23:00:00,M,PC,FI,2020-11,6.1,
ESTAT:DEMO_MEXRT(1.0),12/04/22 23:00:00,M,PC,FI,2020-12,4.0,
ESTAT:DEMO_MEXRT(1.0),12/04/22 23:00:00,M,PC,FI,2021-01,-1.8,p
ESTAT:DEMO_MEXRT(1.0),12/04/22 23:00:00,M,PC,FI,2021-02,-1.7,p
ESTAT:DEMO_MEXRT(1.0),12/04/22 23:00:00,M,PC,FI,2021-03,-3.7,p
ESTAT:DEMO_MEXRT(1.0),12/04/22 23:00:00,M,PC,FI,2021-04,-0.6,p
ESTAT:DEMO_MEXRT(1.0),12/04/22 23:00:00,M,PC,FI,2021-05,5.8,p
ESTAT:DEMO_MEXRT(1.0),12/04/22 23:00:00,M,PC,FI,2021-06,6.0,p
ESTAT:DEMO_MEXRT(1.0),12/04/22 23:00:00,M,PC,FI,2021-07,10.4,p
ESTAT:DEMO_MEXRT(1.0),12/04/22 23:00:00,M,PC,FI,2021-08,13.1,p
ESTAT:DEMO_MEXRT(1.0),12/04/22 23:00:00,M,PC,FI,2021-09,12.7,p
ESTAT:DEMO_MEXRT(1.0),12/04/22 23:00:00,M,PC,FI,2021-10,12.7,p
ESTAT:DEMO_MEXRT(1.0),12/04/22 23:00:00,M,PC,FI,2021-11,14.7,p
ESTAT:DEMO_MEXRT(1.0),12/04/22 23:00:00,M,PC,FI,2021-12,5.6,p
ESTAT:DEMO_MEXRT(1.0),12/04/22 23:00:00,M,PC,FI,2022-01,7.4,p
ESTAT:DEMO_MEXRT(1.0),12/04/22 23:00:00,M,PC,FI,2022-02,7.5,p
ESTAT:DEMO_MEXRT(1.0),12/04/22 23:00:00,M,PC,FR,2020-01,-5.4,p
ESTAT:DEMO_MEXRT(1.0),12/04/22 23:00:00,M,PC,FR,2020-02,-2.0,p
ESTAT:DEMO_MEXRT(1.0),12/04/22 23:00:00,M,PC,FR,2020-03,15.5,p
ESTAT:DEMO_MEXRT(1.0),12/04/22 23:00:00,M,PC,FR,2020-04,36.4,p
ESTAT:DEMO_MEXRT(1.0),12/04/22 23:00:00,M,PC,FR,2020-05,2.2,p
ESTAT:DEMO_MEXRT(1.0),12/04/22 23:00:00,M,PC,FR,2020-06,2.5,p
ESTAT:DEMO_MEXRT(1.0),12/04/22 23:00:00,M,PC,FR,2020-07,-0.6,p
ESTAT:DEMO_MEXRT(1.0),12/04/22 23:00:00,M,PC,FR,2020-08,6.3,p
ESTAT:DEMO_MEXRT(1.0),12/04/22 23:00:00,M,PC,FR,2020-09,7.6,p
ESTAT:DEMO_MEXRT(1.0),12/04/22 23:00:00,M,PC,FR,2020-10,16.3,p
ESTAT:DEMO_MEXRT(1.0),12/04/22 23:00:00,M,PC,FR,2020-11,31.3,p
ESTAT:DEMO_MEXRT(1.0),12/04/22 23:00:00,M,PC,FR,2020-12,15.8,p
ESTAT:DEMO_MEXRT(1.0),12/04/22 23:00:00,M,PC,FR,2021-01,10.2,p
ESTAT:DEMO_MEXRT(1.0),12/04/22 23:00:00,M,PC,FR,2021-02,9.0,p
ESTAT:DEMO_MEXRT(1.0),12/04/22 23:00:00,M,PC,FR,2021-03,7.2,p
ESTAT:DEMO_MEXRT(1.0),12/04/22 23:00:00,M,PC,FR,2021-04,17.0,p
ESTAT:DEMO_MEXRT(1.0),12/04/22 23:00:00,M,PC,FR,2021-05,9.3,p
ESTAT:DEMO_MEXRT(1.0),12/04/22 23:00:00,M,PC,FR,2021-06,2.5,p
ESTAT:DEMO_MEXRT(1.0),12/04/22 23:00:00,M,PC,FR,2021-07,2.7,p
ESTAT:DEMO_MEXRT(1.0),12/04/22 23:00:00,M,PC,FR,2021-08,11.2,p
ESTAT:DEMO_MEXRT(1.0),12/04/22 23:00:00,M,PC,FR,2021-09,9.1,p
ESTAT:DEMO_MEXRT(1.0),12/04/22 23:00:00,M,PC,FR,2021-10,7.6,p
ESTAT:DEMO_MEXRT(1.0),12/04/22 23:00:00,M,PC,FR,2021-11,7.2,p
ESTAT:DEMO_MEXRT(1.0),12/04/22 23:00:00,M,PC,FR,2021-12,14.9,p
ESTAT:DEMO_MEXRT(1.0),12/04/22 23:00:00,M,PC,FR,2022-01,10.0,p
ESTAT:DEMO_MEXRT(1.0),12/04/22 23:00:00,M,PC,FR,2022-02,7.3,p
ESTAT:DEMO_MEXRT(1.0),12/04/22 23:00:00,M,PC,HR,2020-01,-13.7,
ESTAT:DEMO_MEXRT(1.0),12/04/22 23:00:00,M,PC,HR,2020-02,-2.1,
ESTAT:DEMO_MEXRT(1.0),12/04/22 23:00:00,M,PC,HR,2020-03,2.2,
ESTAT:DEMO_MEXRT(1.0),12/04/22 23:00:00,M,PC,HR,2020-04,-3.6,
ESTAT:DEMO_MEXRT(1.0),12/04/22 23:00:00,M,PC,HR,2020-05,-6.1,
ESTAT:DEMO_MEXRT(1.0),12/04/22 23:00:00,M,PC,HR,2020-06,1.1,
ESTAT:DEMO_MEXRT(1.0),12/04/22 23:00:00,M,PC,HR,2020-07,2.3,
ESTAT:DEMO_MEXRT(1.0),12/04/22 23:00:00,M,PC,HR,2020-08,2.3,
ESTAT:DEMO_MEXRT(1.0),12/04/22 23:00:00,M,PC,HR,2020-09,7.9,
ESTAT:DEMO_MEXRT(1.0),12/04/22 23:00:00,M,PC,HR,2020-10,12.2,
ESTAT:DEMO_MEXRT(1.0),12/04/22 23:00:00,M,PC,HR,2020-11,44.7,
ESTAT:DEMO_MEXRT(1.0),12/04/22 23:00:00,M,PC,HR,2020-12,60.7,p
ESTAT:DEMO_MEXRT(1.0),12/04/22 23:00:00,M,PC,HR,2021-01,7.9,p
ESTAT:DEMO_MEXRT(1.0),12/04/22 23:00:00,M,PC,HR,2021-02,2.3,p
ESTAT:DEMO_MEXRT(1.0),12/04/22 23:00:00,M,PC,HR,2021-03,2.5,p
ESTAT:DEMO_MEXRT(1.0),12/04/22 23:00:00,M,PC,HR,2021-04,30.9,p
ESTAT:DEMO_MEXRT(1.0),12/04/22 23:00:00,M,PC,HR,2021-05,24.5,p
ESTAT:DEMO_MEXRT(1.0),12/04/22 23:00:00,M,PC,HR,2021-06,15.2,p
ESTAT:DEMO_MEXRT(1.0),12/04/22 23:00:00,M,PC,HR,2021-07,5.9,p
ESTAT:DEMO_MEXRT(1.0),12/04/22 23:00:00,M,PC,HR,2021-08,7.6,p
ESTAT:DEMO_MEXRT(1.0),12/04/22 23:00:00,M,PC,HR,2021-09,19.9,p
ESTAT:DEMO_MEXRT(1.0),12/04/22 23:00:00,M,PC,HR,2021-10,22.6,p
ESTAT:DEMO_MEXRT(1.0),12/04/22 23:00:00,M,PC,HR,2021-11,60.4,p
ESTAT:DEMO_MEXRT(1.0),12/04/22 23:00:00,M,PC,HR,2021-12,44.8,p
ESTAT:DEMO_MEXRT(1.0),12/04/22 23:00:00,M,PC,HR,2022-01,18.2,p
ESTAT:DEMO_MEXRT(1.0),12/04/22 23:00:00,M,PC,HR,2022-02,22.1,e
ESTAT:DEMO_MEXRT(1.0),12/04/22 23:00:00,M,PC,HU,2020-01,-9.9,
ESTAT:DEMO_MEXRT(1.0),12/04/22 23:00:00,M,PC,HU,2020-02,-5.7,
ESTAT:DEMO_MEXRT(1.0),12/04/22 23:00:00,M,PC,HU,2020-03,-1.5,
ESTAT:DEMO_MEXRT(1.0),12/04/22 23:00:00,M,PC,HU,2020-04,1.1,
ESTAT:DEMO_MEXRT(1.0),12/04/22 23:00:00,M,PC,HU,2020-05,-2.6,
ESTAT:DEMO_MEXRT(1.0),12/04/22 23:00:00,M,PC,HU,2020-06,-0.1,
ESTAT:DEMO_MEXRT(1.0),12/04/22 23:00:00,M,PC,HU,2020-07,-1.9,
ESTAT:DEMO_MEXRT(1.0),12/04/22 23:00:00,M,PC,HU,2020-08,-0.5,
ESTAT:DEMO_MEXRT(1.0),12/04/22 23:00:00,M,PC,HU,2020-09,4.0,
ESTAT:DEMO_MEXRT(1.0),12/04/22 23:00:00,M,PC,HU,2020-10,16.1,
ESTAT:DEMO_MEXRT(1.0),12/04/22 23:00:00,M,PC,HU,2020-11,59.2,
ESTAT:DEMO_MEXRT(1.0),12/04/22 23:00:00,M,PC,HU,2020-12,46.2,p
ESTAT:DEMO_MEXRT(1.0),12/04/22 23:00:00,M,PC,HU,2021-01,5.8,p
ESTAT:DEMO_MEXRT(1.0),12/04/22 23:00:00,M,PC,HU,2021-02,0.3,p
ESTAT:DEMO_MEXRT(1.0),12/04/22 23:00:00,M,PC,HU,2021-03,50.7,p
ESTAT:DEMO_MEXRT(1.0),12/04/22 23:00:00,M,PC,HU,2021-04,50.1,p
ESTAT:DEMO_MEXRT(1.0),12/04/22 23:00:00,M,PC,HU,2021-05,10.1,p
ESTAT:DEMO_MEXRT(1.0),12/04/22 23:00:00,M,PC,HU,2021-06,8.4,p
ESTAT:DEMO_MEXRT(1.0),12/04/22 23:00:00,M,PC,HU,2021-07,4.5,p
ESTAT:DEMO_MEXRT(1.0),12/04/22 23:00:00,M,PC,HU,2021-08,-1.4,p
ESTAT:DEMO_MEXRT(1.0),12/04/22 23:00:00,M,PC,HU,2021-09,3.9,p
ESTAT:DEMO_MEXRT(1.0),12/04/22 23:00:00,M,PC,HU,2021-10,10.3,p
ESTAT:DEMO_MEXRT(1.0),12/04/22 23:00:00,M,PC,HU,2021-11,51.2,p
ESTAT:DEMO_MEXRT(1.0),12/04/22 23:00:00,M,PC,HU,2021-12,40.3,p
ESTAT:DEMO_MEXRT(1.0),12/04/22 23:00:00,M,PC,HU,2022-01,1.7,p
ESTAT:DEMO_MEXRT(1.0),12/04/22 23:00:00,M,PC,HU,2022-02,4.2,p
ESTAT:DEMO_MEXRT(1.0),12/04/22 23:00:00,M,PC,IE,2020-01,-9.2,
ESTAT:DEMO_MEXRT(1.0),12/04/22 23:00:00,M,PC,IE,2020-02,-1.8,
ESTAT:DEMO_MEXRT(1.0),12/04/22 23:00:00,M,PC,IE,2020-03,3.6,
ESTAT:DEMO_MEXRT(1.0),12/04/22 23:00:00,M,PC,IE,2020-04,38.0,
ESTAT:DEMO_MEXRT(1.0),12/04/22 23:00:00,M,PC,IE,2020-05,7.1,
ESTAT:DEMO_MEXRT(1.0),12/04/22 23:00:00,M,PC,IE,2020-06,-4.5,
ESTAT:DEMO_MEXRT(1.0),12/04/22 23:00:00,M,PC,IE,2020-07,-3.2,
ESTAT:DEMO_MEXRT(1.0),12/04/22 23:00:00,M,PC,IE,2020-08,1.9,
ESTAT:DEMO_MEXRT(1.0),12/04/22 23:00:00,M,PC,IE,2020-09,0.0,
ESTAT:DEMO_MEXRT(1.0),12/04/22 23:00:00,M,PC,IE,2020-10,5.5,
ESTAT:DEMO_MEXRT(1.0),12/04/22 23:00:00,M,PC,IE,2020-11,-2.5,
ESTAT:DEMO_MEXRT(1.0),12/04/22 23:00:00,M,PC,IE,2020-12,-7.5,
ESTAT:DEMO_MEXRT(1.0),12/04/22 23:00:00,M,PC,IE,2021-01,21.4,p
ESTAT:DEMO_MEXRT(1.0),12/04/22 23:00:00,M,PC,IE,2021-02,17.7,p
ESTAT:DEMO_MEXRT(1.0),12/04/22 23:00:00,M,PC,IE,2021-03,-4.8,p
ESTAT:DEMO_MEXRT(1.0),12/04/22 23:00:00,M,PC,IE,2021-04,-0.2,p
ESTAT:DEMO_MEXRT(1.0),12/04/22 23:00:00,M,PC,IE,2021-05,6.2,p
ESTAT:DEMO_MEXRT(1.0),12/04/22 23:00:00,M,PC,IE,2021-06,0.5,p
ESTAT:DEMO_MEXRT(1.0),12/04/22 23:00:00,M,PC,IE,2021-07,10.1,p
ESTAT:DEMO_MEXRT(1.0),12/04/22 23:00:00,M,PC,IE,2021-08,11.7,p
ESTAT:DEMO_MEXRT(1.0),12/04/22 23:00:00,M,PC,IE,2021-09,12.5,p
ESTAT:DEMO_MEXRT(1.0),12/04/22 23:00:00,M,PC,IE,2021-10,14.2,p
ESTAT:DEMO_MEXRT(1.0),12/04/22 23:00:00,M,PC,IE,2021-11,16.3,p
ESTAT:DEMO_MEXRT(1.0),12/04/22 23:00:00,M,PC,IE,2021-12,5.8,p
ESTAT:DEMO_MEXRT(1.0),12/04/22 23:00:00,M,PC,IE,2022-01,-4.2,p
ESTAT:DEMO_MEXRT(1.0),12/04/22 23:00:00,M,PC,IE,2022-02,2.6,p
ESTAT:DEMO_MEXRT(1.0),12/04/22 23:00:00,M,PC,IS,2020-01,13.8,p
ESTAT:DEMO_MEXRT(1.0),12/04/22 23:00:00,M,PC,IS,2020-02,3.6,p
ESTAT:DEMO_MEXRT(1.0),12/04/22 23:00:00,M,PC,IS,2020-03,-1.5,p
ESTAT:DEMO_MEXRT(1.0),12/04/22 23:00:00,M,PC,IS,2020-04,4.7,p
ESTAT:DEMO_MEXRT(1.0),12/04/22 23:00:00,M,PC,IS,2020-05,7.5,p
ESTAT:DEMO_MEXRT(1.0),12/04/22 23:00:00,M,PC,IS,2020-06,-20.1,p
ESTAT:DEMO_MEXRT(1.0),12/04/22 23:00:00,M,PC,IS,2020-07,-5.4,p
ESTAT:DEMO_MEXRT(1.0),12/04/22 23:00:00,M,PC,IS,2020-08,-6.7,p
ESTAT:DEMO_MEXRT(1.0),12/04/22 23:00:00,M,PC,IS,2020-09,0.3,p
ESTAT:DEMO_MEXRT(1.0),12/04/22 23:00:00,M,PC,IS,2020-10,11.0,p
ESTAT:DEMO_MEXRT(1.0),12/04/22 23:00:00,M,PC,IS,2020-11,5.0,p
ESTAT:DEMO_MEXRT(1.0),12/04/22 23:00:00,M,PC,IS,2020-12,5.3,p
ESTAT:DEMO_MEXRT(1.0),12/04/22 23:00:00,M,PC,IS,2021-01,4.5,p
ESTAT:DEMO_MEXRT(1.0),12/04/22 23:00:00,M,PC,IS,2021-02,2.0,p
ESTAT:DEMO_MEXRT(1.0),12/04/22 23:00:00,M,PC,IS,2021-03,-4.6,p
ESTAT:DEMO_MEXRT(1.0),12/04/22 23:00:00,M,PC,IS,2021-04,2.9,p
ESTAT:DEMO_MEXRT(1.0),12/04/22 23:00:00,M,PC,IS,2021-05,2.6,p
ESTAT:DEMO_MEXRT(1.0),12/04/22 23:00:00,M,PC,IS,2021-06,2.8,p
ESTAT:DEMO_MEXRT(1.0),12/04/22 23:00:00,M,PC,IS,2021-07,10.3,p
ESTAT:DEMO_MEXRT(1.0),12/04/22 23:00:00,M,PC,IS,2021-08,16.9,p
ESTAT:DEMO_MEXRT(1.0),12/04/22 23:00:00,M,PC,IS,2021-09,-11.4,p
ESTAT:DEMO_MEXRT(1.0),12/04/22 23:00:00,M,PC,IS,2021-10,-14.1,p
ESTAT:DEMO_MEXRT(1.0),12/04/22 23:00:00,M,PC,IS,2021-11,8.8,p
ESTAT:DEMO_MEXRT(1.0),12/04/22 23:00:00,M,PC,IS,2021-12,30.3,p
ESTAT:DEMO_MEXRT(1.0),12/04/22 23:00:00,M,PC,IT,2020-01,-9.7,p
ESTAT:DEMO_MEXRT(1.0),12/04/22 23:00:00,M,PC,IT,2020-02,-0.7,p
ESTAT:DEMO_MEXRT(1.0),12/04/22 23:00:00,M,PC,IT,2020-03,49.6,p
ESTAT:DEMO_MEXRT(1.0),12/04/22 23:00:00,M,PC,IT,2020-04,41.7,p
ESTAT:DEMO_MEXRT(1.0),12/04/22 23:00:00,M,PC,IT,2020-05,3.9,p
ESTAT:DEMO_MEXRT(1.0),12/04/22 23:00:00,M,PC,IT,2020-06,-0.1,p
ESTAT:DEMO_MEXRT(1.0),12/04/22 23:00:00,M,PC,IT,2020-07,3.0,p
ESTAT:DEMO_MEXRT(1.0),12/04/22 23:00:00,M,PC,IT,2020-08,5.1,p
ESTAT:DEMO_MEXRT(1.0),12/04/22 23:00:00,M,PC,IT,2020-09,6.2,p
ESTAT:DEMO_MEXRT(1.0),12/04/22 23:00:00,M,PC,IT,2020-10,15.8,p
ESTAT:DEMO_MEXRT(1.0),12/04/22 23:00:00,M,PC,IT,2020-11,51.6,p
ESTAT:DEMO_MEXRT(1.0),12/04/22 23:00:00,M,PC,IT,2020-12,27.4,p
ESTAT:DEMO_MEXRT(1.0),12/04/22 23:00:00,M,PC,IT,2021-01,9.1,p
ESTAT:DEMO_MEXRT(1.0),12/04/22 23:00:00,M,PC,IT,2021-02,5.1,p
ESTAT:DEMO_MEXRT(1.0),12/04/22 23:00:00,M,PC,IT,2021-03,18.6,p
ESTAT:DEMO_MEXRT(1.0),12/04/22 23:00:00,M,PC,IT,2021-04,23.2,p
ESTAT:DEMO_MEXRT(1.0),12/04/22 23:00:00,M,PC,IT,2021-05,8.7,p
ESTAT:DEMO_MEXRT(1.0),12/04/22 23:00:00,M,PC,IT,2021-06,7.0,p
ESTAT:DEMO_MEXRT(1.0),12/04/22 23:00:00,M,PC,IT,2021-07,7.1,p
ESTAT:DEMO_MEXRT(1.0),12/04/22 23:00:00,M,PC,IT,2021-08,11.4,p
ESTAT:DEMO_MEXRT(1.0),12/04/22 23:00:00,M,PC,IT,2021-09,10.0,p
ESTAT:DEMO_MEXRT(1.0),12/04/22 23:00:00,M,PC,IT,2021-10,5.7,p
ESTAT:DEMO_MEXRT(1.0),12/04/22 23:00:00,M,PC,IT,2021-11,6.3,p
ESTAT:DEMO_MEXRT(1.0),12/04/22 23:00:00,M,PC,IT,2021-12,10.2,p
ESTAT:DEMO_MEXRT(1.0),12/04/22 23:00:00,M,PC,IT,2022-01,5.5,p
ESTAT:DEMO_MEXRT(1.0),12/04/22 23:00:00,M,PC,IT,2022-02,4.8,p
ESTAT:DEMO_MEXRT(1.0),12/04/22 23:00:00,M,PC,LI,2020-01,-25.1,p
ESTAT:DEMO_MEXRT(1.0),12/04/22 23:00:00,M,PC,LI,2020-02,46.0,p
ESTAT:DEMO_MEXRT(1.0),12/04/22 23:00:00,M,PC,LI,2020-03,-10.1,p
ESTAT:DEMO_MEXRT(1.0),12/04/22 23:00:00,M,PC,LI,2020-04,-0.2,p
ESTAT:DEMO_MEXRT(1.0),12/04/22 23:00:00,M,PC,LI,2020-05,12.2,p
ESTAT:DEMO_MEXRT(1.0),12/04/22 23:00:00,M,PC,LI,2020-06,-17.4,p
ESTAT:DEMO_MEXRT(1.0),12/04/22 23:00:00,M,PC,LI,2020-07,-3.1,p
ESTAT:DEMO_MEXRT(1.0),12/04/22 23:00:00,M,PC,LI,2020-08,11.0,p
ESTAT:DEMO_MEXRT(1.0),12/04/22 23:00:00,M,PC,LI,2020-09,29.3,p
ESTAT:DEMO_MEXRT(1.0),12/04/22 23:00:00,M,PC,LI,2020-10,17.2,p
ESTAT:DEMO_MEXRT(1.0),12/04/22 23:00:00,M,PC,LI,2020-11,69.4,p
ESTAT:DEMO_MEXRT(1.0),12/04/22 23:00:00,M,PC,LI,2020-12,89.9,p
ESTAT:DEMO_MEXRT(1.0),12/04/22 23:00:00,M,PC,LI,2021-01,9.5,p
ESTAT:DEMO_MEXRT(1.0),12/04/22 23:00:00,M,PC,LI,2021-02,17.5,p
ESTAT:DEMO_MEXRT(1.0),12/04/22 23:00:00,M,PC,LI,2021-03,-35.0,p
ESTAT:DEMO_MEXRT(1.0),12/04/22 23:00:00,M,PC,LI,2021-04,34.5,p
ESTAT:DEMO_MEXRT(1.0),12/04/22 23:00:00,M,PC,LI,2021-05,18.0,p
ESTAT:DEMO_MEXRT(1.0),12/04/22 23:00:00,M,PC,LI,2021-06,-39.5,p
ESTAT:DEMO_MEXRT(1.0),12/04/22 23:00:00,M,PC,LI,2021-07,24.6,p
ESTAT:DEMO_MEXRT(1.0),12/04/22 23:00:00,M,PC,LI,2021-08,-9.4,p
ESTAT:DEMO_MEXRT(1.0),12/04/22 23:00:00,M,PC,LI,2021-09,-5.2,p
ESTAT:DEMO_MEXRT(1.0),12/04/22 23:00:00,M,PC,LI,2021-10,-19.1,p
ESTAT:DEMO_MEXRT(1.0),12/04/22 23:00:00,M,PC,LI,2021-11,7.4,p
ESTAT:DEMO_MEXRT(1.0),12/04/22 23:00:00,M,PC,LI,2021-12,13.3,p
ESTAT:DEMO_MEXRT(1.0),12/04/22 23:00:00,M,PC,LI,2022-01,34.3,p
ESTAT:DEMO_MEXRT(1.0),12/04/22 23:00:00,M,PC,LT,2020-01,-11.6,
ESTAT:DEMO_MEXRT(1.0),12/04/22 23:00:00,M,PC,LT,2020-02,-10.4,
ESTAT:DEMO_MEXRT(1.0),12/04/22 23:00:00,M,PC,LT,2020-03,-0.3,
ESTAT:DEMO_MEXRT(1.0),12/04/22 23:00:00,M,PC,LT,2020-04,3.3,
ESTAT:DEMO_MEXRT(1.0),12/04/22 23:00:00,M,PC,LT,2020-05,-1.2,
ESTAT:DEMO_MEXRT(1.0),12/04/22 23:00:00,M,PC,LT,2020-06,9.1,
ESTAT:DEMO_MEXRT(1.0),12/04/22 23:00:00,M,PC,LT,2020-07,4.7,
ESTAT:DEMO_MEXRT(1.0),12/04/22 23:00:00,M,PC,LT,2020-08,7.8,
ESTAT:DEMO_MEXRT(1.0),12/04/22 23:00:00,M,PC,LT,2020-09,8.0,
ESTAT:DEMO_MEXRT(1.0),12/04/22 23:00:00,M,PC,LT,2020-10,11.1,
ESTAT:DEMO_MEXRT(1.0),12/04/22 23:00:00,M,PC,LT,2020-11,37.5,
ESTAT:DEMO_MEXRT(1.0),12/04/22 23:00:00,M,PC,LT,2020-12,71.6,p
ESTAT:DEMO_MEXRT(1.0),12/04/22 23:00:00,M,PC,LT,2021-01,28.7,p
ESTAT:DEMO_MEXRT(1.0),12/04/22 23:00:00,M,PC,LT,2021-02,2.2,p
ESTAT:DEMO_MEXRT(1.0),12/04/22 23:00:00,M,PC,LT,2021-03,5.5,p
ESTAT:DEMO_MEXRT(1.0),12/04/22 23:00:00,M,PC,LT,2021-04,10.1,p
ESTAT:DEMO_MEXRT(1.0),12/04/22 23:00:00,M,PC,LT,2021-05,13.0,p
ESTAT:DEMO_MEXRT(1.0),12/04/22 23:00:00,M,PC,LT,2021-06,15.1,p
ESTAT:DEMO_MEXRT(1.0),12/04/22 23:00:00,M,PC,LT,2021-07,9.5,p
ESTAT:DEMO_MEXRT(1.0),12/04/22 23:00:00,M,PC,LT,2021-08,11.9,p
ESTAT:DEMO_MEXRT(1.0),12/04/22 23:00:00,M,PC,LT,2021-09,31.3,p
ESTAT:DEMO_MEXRT(1.0),12/04/22 23:00:00,M,PC,LT,2021-10,41.9,p
ESTAT:DEMO_MEXRT(1.0),12/04/22 23:00:00,M,PC,LT,2021-11,35.8,p
ESTAT:DEMO_MEXRT(1.0),12/04/22 23:00:00,M,PC,LT,2021-12,28.0,p
ESTAT:DEMO_MEXRT(1.0),12/04/22 23:00:00,M,PC,LT,2022-01,5.3,p
ESTAT:DEMO_MEXRT(1.0),12/04/22 23:00:00,M,PC,LT,2022-02,9.3,p
ESTAT:DEMO_MEXRT(1.0),12/04/22 23:00:00,M,PC,LU,2020-01,-8.0,
ESTAT:DEMO_MEXRT(1.0),12/04/22 23:00:00,M,PC,LU,2020-02,-11.1,
ESTAT:DEMO_MEXRT(1.0),12/04/22 23:00:00,M,PC,LU,2020-03,6.0,
ESTAT:DEMO_MEXRT(1.0),12/04/22 23:00:00,M,PC,LU,2020-04,18.5,
ESTAT:DEMO_MEXRT(1.0),12/04/22 23:00:00,M,PC,LU,2020-05,7.4,
ESTAT:DEMO_MEXRT(1.0),12/04/22 23:00:00,M,PC,LU,2020-06,-0.2,
ESTAT:DEMO_MEXRT(1.0),12/04/22 23:00:00,M,PC,LU,2020-07,-0.4,
ESTAT:DEMO_MEXRT(1.0),12/04/22 23:00:00,M,PC,LU,2020-08,12.0,
ESTAT:DEMO_MEXRT(1.0),12/04/22 23:00:00,M,PC,LU,2020-09,6.5,
ESTAT:DEMO_MEXRT(1.0),12/04/22 23:00:00,M,PC,LU,2020-10,5.9,
ESTAT:DEMO_MEXRT(1.0),12/04/22 23:00:00,M,PC,LU,2020-11,45.2,
ESTAT:DEMO_MEXRT(1.0),12/04/22 23:00:00,M,PC,LU,2020-12,32.7,p
ESTAT:DEMO_MEXRT(1.0),12/04/22 23:00:00,M,PC,LU,2021-01,8.5,p
ESTAT:DEMO_MEXRT(1.0),12/04/22 23:00:00,M,PC,LU,2021-02,-3.6,p
ESTAT:DEMO_MEXRT(1.0),12/04/22 23:00:00,M,PC,LU,2021-03,9.5,p
ESTAT:DEMO_MEXRT(1.0),12/04/22 23:00:00,M,PC,LU,2021-04,8.1,p
ESTAT:DEMO_MEXRT(1.0),12/04/22 23:00:00,M,PC,LU,2021-05,1.1,p
ESTAT:DEMO_MEXRT(1.0),12/04/22 23:00:00,M,PC,LU,2021-06,6.3,p
ESTAT:DEMO_MEXRT(1.0),12/04/22 23:00:00,M,PC,LU,2021-07,0.8,p
ESTAT:DEMO_MEXRT(1.0),12/04/22 23:00:00,M,PC,LU,2021-08,-0.9,p
ESTAT:DEMO_MEXRT(1.0),12/04/22 23:00:00,M,PC,LU,2021-09,6.4,p
ESTAT:DEMO_MEXRT(1.0),12/04/22 23:00:00,M,PC,LU,2021-10,9.3,p
ESTAT:DEMO_MEXRT(1.0),12/04/22 23:00:00,M,PC,LU,2021-11,17.9,p
ESTAT:DEMO_MEXRT(1.0),12/04/22 23:00:00,M,PC,LU,2021-12,16.7,p
ESTAT:DEMO_MEXRT(1.0),12/04/22 23:00:00,M,PC,LU,2022-01,0.9,p
ESTAT:DEMO_MEXRT(1.0),12/04/22 23:00:00,M,PC,LU,2022-02,5.9,p
ESTAT:DEMO_MEXRT(1.0),12/04/22 23:00:00,M,PC,LV,2020-01,-8.3,
ESTAT:DEMO_MEXRT(1.0),12/04/22 23:00:00,M,PC,LV,2020-02,-9.1,
ESTAT:DEMO_MEXRT(1.0),12/04/22 23:00:00,M,PC,LV,2020-03,-12.6,p
ESTAT:DEMO_MEXRT(1.0),12/04/22 23:00:00,M,PC,LV,2020-04,-2.6,p
ESTAT:DEMO_MEXRT(1.0),12/04/22 23:00:00,M,PC,LV,2020-05,-1.0,
ESTAT:DEMO_MEXRT(1.0),12/04/22 23:00:00,M,PC,LV,2020-06,4.2,
ESTAT:DEMO_MEXRT(1.0),12/04/22 23:00:00,M,PC,LV,2020-07,-0.7,
ESTAT:DEMO_MEXRT(1.0),12/04/22 23:00:00,M,PC,LV,2020-08,4.4,
ESTAT:DEMO_MEXRT(1.0),12/04/22 23:00:00,M,PC,LV,2020-09,-0.8,
ESTAT:DEMO_MEXRT(1.0),12/04/22 23:00:00,M,PC,LV,2020-10,3.7,
ESTAT:DEMO_MEXRT(1.0),12/04/22 23:00:00,M,PC,LV,2020-11,10.9,
ESTAT:DEMO_MEXRT(1.0),12/04/22 23:00:00,M,PC,LV,2020-12,29.4,p
ESTAT:DEMO_MEXRT(1.0),12/04/22 23:00:00,M,PC,LV,2021-01,29.6,p
ESTAT:DEMO_MEXRT(1.0),12/04/22 23:00:00,M,PC,LV,2021-02,14.1,p
ESTAT:DEMO_MEXRT(1.0),12/04/22 23:00:00,M,PC,LV,2021-03,-1.8,p
ESTAT:DEMO_MEXRT(1.0),12/04/22 23:00:00,M,PC,LV,2021-04,5.2,p
ESTAT:DEMO_MEXRT(1.0),12/04/22 23:00:00,M,PC,LV,2021-05,14.7,p
ESTAT:DEMO_MEXRT(1.0),12/04/22 23:00:00,M,PC,LV,2021-06,21.0,p
ESTAT:DEMO_MEXRT(1.0),12/04/22 23:00:00,M,PC,LV,2021-07,13.8,p
ESTAT:DEMO_MEXRT(1.0),12/04/22 23:00:00,M,PC,LV,2021-08,8.2,p
ESTAT:DEMO_MEXRT(1.0),12/04/22 23:00:00,M,PC,LV,2021-09,16.8,p
ESTAT:DEMO_MEXRT(1.0),12/04/22 23:00:00,M,PC,LV,2021-10,51.3,p
ESTAT:DEMO_MEXRT(1.0),12/04/22 23:00:00,M,PC,LV,2021-11,55.7,p
ESTAT:DEMO_MEXRT(1.0),12/04/22 23:00:00,M,PC,LV,2021-12,18.6,p
ESTAT:DEMO_MEXRT(1.0),12/04/22 23:00:00,M,PC,LV,2022-01,5.8,p
ESTAT:DEMO_MEXRT(1.0),12/04/22 23:00:00,M,PC,LV,2022-02,11.7,p
ESTAT:DEMO_MEXRT(1.0),12/04/22 23:00:00,M,PC,MT,2020-01,-0.3,p
ESTAT:DEMO_MEXRT(1.0),12/04/22 23:00:00,M,PC,MT,2020-02,-7.9,p
ESTAT:DEMO_MEXRT(1.0),12/04/22 23:00:00,M,PC,MT,2020-03,16.7,p
ESTAT:DEMO_MEXRT(1.0),12/04/22 23:00:00,M,PC,MT,2020-04,12.6,p
ESTAT:DEMO_MEXRT(1.0),12/04/22 23:00:00,M,PC,MT,2020-05,2.2,p
ESTAT:DEMO_MEXRT(1.0),12/04/22 23:00:00,M,PC,MT,2020-06,-4.4,p
ESTAT:DEMO_MEXRT(1.0),12/04/22 23:00:00,M,PC,MT,2020-07,7.2,p
ESTAT:DEMO_MEXRT(1.0),12/04/22 23:00:00,M,PC,MT,2020-08,13.0,p
ESTAT:DEMO_MEXRT(1.0),12/04/22 23:00:00,M,PC,MT,2020-09,22.2,p
ESTAT:DEMO_MEXRT(1.0),12/04/22 23:00:00,M,PC,MT,2020-10,21.1,p
ESTAT:DEMO_MEXRT(1.0),12/04/22 23:00:00,M,PC,MT,2020-11,38.3,p
ESTAT:DEMO_MEXRT(1.0),12/04/22 23:00:00,M,PC,MT,2020-12,40.5,p
ESTAT:DEMO_MEXRT(1.0),12/04/22 23:00:00,M,PC,MT,2021-01,3.6,p
ESTAT:DEMO_MEXRT(1.0),12/04/22 23:00:00,M,PC,MT,2021-02,15.7,p
ESTAT:DEMO_MEXRT(1.0),12/04/22 23:00:00,M,PC,MT,2021-03,32.6,p
ESTAT:DEMO_MEXRT(1.0),12/04/22 23:00:00,M,PC,MT,2021-04,-0.1,p
ESTAT:DEMO_MEXRT(1.0),12/04/22 23:00:00,M,PC,MT,2021-05,13.0,p
ESTAT:DEMO_MEXRT(1.0),12/04/22 23:00:00,M,PC,MT,2021-06,1.7,p
ESTAT:DEMO_MEXRT(1.0),12/04/22 23:00:00,M,PC,MT,2021-07,17.7,p
ESTAT:DEMO_MEXRT(1.0),12/04/22 23:00:00,M,PC,MT,2021-08,26.8,p
ESTAT:DEMO_MEXRT(1.0),12/04/22 23:00:00,M,PC,MT,2021-09,17.5,p
ESTAT:DEMO_MEXRT(1.0),12/04/22 23:00:00,M,PC,MT,2021-10,12.0,p
ESTAT:DEMO_MEXRT(1.0),12/04/22 23:00:00,M,PC,MT,2021-11,12.7,p
ESTAT:DEMO_MEXRT(1.0),12/04/22 23:00:00,M,PC,MT,2021-12,18.8,p
ESTAT:DEMO_MEXRT(1.0),12/04/22 23:00:00,M,PC,MT,2022-01,9.7,p
ESTAT:DEMO_MEXRT(1.0),12/04/22 23:00:00,M,PC,NL,2020-01,-3.9,p
ESTAT:DEMO_MEXRT(1.0),12/04/22 23:00:00,M,PC,NL,2020-02,-4.1,p
ESTAT:DEMO_MEXRT(1.0),12/04/22 23:00:00,M,PC,NL,2020-03,14.9,p
ESTAT:DEMO_MEXRT(1.0),12/04/22 23:00:00,M,PC,NL,2020-04,53.8,p
ESTAT:DEMO_MEXRT(1.0),12/04/22 23:00:00,M,PC,NL,2020-05,4.4,p
ESTAT:DEMO_MEXRT(1.0),12/04/22 23:00:00,M,PC,NL,2020-06,0.9,p
ESTAT:DEMO_MEXRT(1.0),12/04/22 23:00:00,M,PC,NL,2020-07,-2.5,p
ESTAT:DEMO_MEXRT(1.0),12/04/22 23:00:00,M,PC,NL,2020-08,8.6,p
ESTAT:DEMO_MEXRT(1.0),12/04/22 23:00:00,M,PC,NL,2020-09,5.8,p
ESTAT:DEMO_MEXRT(1.0),12/04/22 23:00:00,M,PC,NL,2020-10,18.4,p
ESTAT:DEMO_MEXRT(1.0),12/04/22 23:00:00,M,PC,NL,2020-11,20.5,p
ESTAT:DEMO_MEXRT(1.0),12/04/22 23:00:00,M,PC,NL,2020-12,22.9,p
ESTAT:DEMO_MEXRT(1.0),12/04/22 23:00:00,M,PC,NL,2021-01,18.6,p
ESTAT:DEMO_MEXRT(1.0),12/04/22 23:00:00,M,PC,NL,2021-02,3.6,p
ESTAT:DEMO_MEXRT(1.0),12/04/22 23:00:00,M,PC,NL,2021-03,-2.7,p
ESTAT:DEMO_MEXRT(1.0),12/04/22 23:00:00,M,PC,NL,2021-04,10.6,p
ESTAT:DEMO_MEXRT(1.0),12/04/22 23:00:00,M,PC,NL,2021-05,7.8,p
ESTAT:DEMO_MEXRT(1.0),12/04/22 23:00:00,M,PC,NL,2021-06,7.2,p
ESTAT:DEMO_MEXRT(1.0),12/04/22 23:00:00,M,PC,NL,2021-07,5.7,p
ESTAT:DEMO_MEXRT(1.0),12/04/22 23:00:00,M,PC,NL,2021-08,11.0,p
ESTAT:DEMO_MEXRT(1.0),12/04/22 23:00:00,M,PC,NL,2021-09,12.4,p
ESTAT:DEMO_MEXRT(1.0),12/04/22 23:00:00,M,PC,NL,2021-10,14.7,p
ESTAT:DEMO_MEXRT(1.0),12/04/22 23:00:00,M,PC,NL,2021-11,35.0,p
ESTAT:DEMO_MEXRT(1.0),12/04/22 23:00:00,M,PC,NL,2021-12,31.2,p
ESTAT:DEMO_MEXRT(1.0),12/04/22 23:00:00,M,PC,NL,2022-01,-0.9,p
ESTAT:DEMO_MEXRT(1.0),12/04/22 23:00:00,M,PC,NL,2022-02,-1.8,p
ESTAT:DEMO_MEXRT(1.0),12/04/22 23:00:00,M,PC,NO,2020-01,-3.4,p
ESTAT:DEMO_MEXRT(1.0),12/04/22 23:00:00,M,PC,NO,2020-02,-2.4,p
ESTAT:DEMO_MEXRT(1.0),12/04/22 23:00:00,M,PC,NO,2020-03,-0.6,p
ESTAT:DEMO_MEXRT(1.0),12/04/22 23:00:00,M,PC,NO,2020-04,2.9,p
ESTAT:DEMO_MEXRT(1.0),12/04/22 23:00:00,M,PC,NO,2020-05,-3.1,p
ESTAT:DEMO_MEXRT(1.0),12/04/22 23:00:00,M,PC,NO,2020-06,-1.6,p
ESTAT:DEMO_MEXRT(1.0),12/04/22 23:00:00,M,PC,NO,2020-07,-1.9,p
ESTAT:DEMO_MEXRT(1.0),12/04/22 23:00:00,M,PC,NO,2020-08,1.7,p
ESTAT:DEMO_MEXRT(1.0),12/04/22 23:00:00,M,PC,NO,2020-09,4.9,p
ESTAT:DEMO_MEXRT(1.0),12/04/22 23:00:00,M,PC,NO,2020-10,1.8,p
ESTAT:DEMO_MEXRT(1.0),12/04/22 23:00:00,M,PC,NO,2020-11,0.7,p
ESTAT:DEMO_MEXRT(1.0),12/04/22 23:00:00,M,PC,NO,2020-12,-2.2,p
ESTAT:DEMO_MEXRT(1.0),12/04/22 23:00:00,M,PC,NO,2021-01,-5.4,p
ESTAT:DEMO_MEXRT(1.0),12/04/22 23:00:00,M,PC,NO,2021-02,-10.4,p
ESTAT:DEMO_MEXRT(1.0),12/04/22 23:00:00,M,PC,NO,2021-03,-8.1,p
ESTAT:DEMO_MEXRT(1.0),12/04/22 23:00:00,M,PC,NO,2021-04,-3.3,p
ESTAT:DEMO_MEXRT(1.0),12/04/22 23:00:00,M,PC,NO,2021-05,-1.6,p
ESTAT:DEMO_MEXRT(1.0),12/04/22 23:00:00,M,PC,NO,2021-06,-1.1,p
ESTAT:DEMO_MEXRT(1.0),12/04/22 23:00:00,M,PC,NO,2021-07,1.6,p
ESTAT:DEMO_MEXRT(1.0),12/04/22 23:00:00,M,PC,NO,2021-08,8.6,p
ESTAT:DEMO_MEXRT(1.0),12/04/22 23:00:00,M,PC,NO,2021-09,11.4,p
ESTAT:DEMO_MEXRT(1.0),12/04/22 23:00:00,M,PC,NO,2021-10,11.2,p
ESTAT:DEMO_MEXRT(1.0),12/04/22 23:00:00,M,PC,NO,2021-11,20.3,p
ESTAT:DEMO_MEXRT(1.0),12/04/22 23:00:00,M,PC,NO,2021-12,16.4,p
ESTAT:DEMO_MEXRT(1.0),12/04/22 23:00:00,M,PC,NO,2022-01,-2.1,p
ESTAT:DEMO_MEXRT(1.0),12/04/22 23:00:00,M,PC,NO,2022-02,5.2,p
ESTAT:DEMO_MEXRT(1.0),12/04/22 23:00:00,M,PC,PL,2020-01,-6.0,
ESTAT:DEMO_MEXRT(1.0),12/04/22 23:00:00,M,PC,PL,2020-02,-2.0,
ESTAT:DEMO_MEXRT(1.0),12/04/22 23:00:00,M,PC,PL,2020-03,-0.5,
ESTAT:DEMO_MEXRT(1.0),12/04/22 23:00:00,M,PC,PL,2020-04,3.5,
ESTAT:DEMO_MEXRT(1.0),12/04/22 23:00:00,M,PC,PL,2020-05,4.2,
ESTAT:DEMO_MEXRT(1.0),12/04/22 23:00:00,M,PC,PL,2020-06,5.4,
ESTAT:DEMO_MEXRT(1.0),12/04/22 23:00:00,M,PC,PL,2020-07,5.9,
ESTAT:DEMO_MEXRT(1.0),12/04/22 23:00:00,M,PC,PL,2020-08,11.3,
ESTAT:DEMO_MEXRT(1.0),12/04/22 23:00:00,M,PC,PL,2020-09,11.1,
ESTAT:DEMO_MEXRT(1.0),12/04/22 23:00:00,M,PC,PL,2020-10,45.2,
ESTAT:DEMO_MEXRT(1.0),12/04/22 23:00:00,M,PC,PL,2020-11,97.0,
ESTAT:DEMO_MEXRT(1.0),12/04/22 23:00:00,M,PC,PL,2020-12,49.9,
ESTAT:DEMO_MEXRT(1.0),12/04/22 23:00:00,M,PC,PL,2021-01,26.1,p
ESTAT:DEMO_MEXRT(1.0),12/04/22 23:00:00,M,PC,PL,2021-02,11.0,p
ESTAT:DEMO_MEXRT(1.0),12/04/22 23:00:00,M,PC,PL,2021-03,38.3,p
ESTAT:DEMO_MEXRT(1.0),12/04/22 23:00:00,M,PC,PL,2021-04,65.3,p
ESTAT:DEMO_MEXRT(1.0),12/04/22 23:00:00,M,PC,PL,2021-05,27.0,p
ESTAT:DEMO_MEXRT(1.0),12/04/22 23:00:00,M,PC,PL,2021-06,13.7,p
ESTAT:DEMO_MEXRT(1.0),12/04/22 23:00:00,M,PC,PL,2021-07,7.5,p
ESTAT:DEMO_MEXRT(1.0),12/04/22 23:00:00,M,PC,PL,2021-08,5.8,p
ESTAT:DEMO_MEXRT(1.0),12/04/22 23:00:00,M,PC,PL,2021-09,10.1,p
ESTAT:DEMO_MEXRT(1.0),12/04/22 23:00:00,M,PC,PL,2021-10,14.6,p
ESTAT:DEMO_MEXRT(1.0),12/04/22 23:00:00,M,PC,PL,2021-11,51.0,p
ESTAT:DEMO_MEXRT(1.0),12/04/22 23:00:00,M,PC,PL,2021-12,69.2,p
ESTAT:DEMO_MEXRT(1.0),12/04/22 23:00:00,M,PC,PL,2022-01,24.4,p
ESTAT:DEMO_MEXRT(1.0),12/04/22 23:00:00,M,PC,PL,2022-02,14.9,p
ESTAT:DEMO_MEXRT(1.0),12/04/22 23:00:00,M,PC,PT,2020-01,-3.7,p
ESTAT:DEMO_MEXRT(1.0),12/04/22 23:00:00,M,PC,PT,2020-02,-3.7,p
ESTAT:DEMO_MEXRT(1.0),12/04/22 23:00:00,M,PC,PT,2020-03,5.6,p
ESTAT:DEMO_MEXRT(1.0),12/04/22 23:00:00,M,PC,PT,2020-04,15.8,p
ESTAT:DEMO_MEXRT(1.0),12/04/22 23:00:00,M,PC,PT,2020-05,10.4,p
ESTAT:DEMO_MEXRT(1.0),12/04/22 23:00:00,M,PC,PT,2020-06,3.5,p
ESTAT:DEMO_MEXRT(1.0),12/04/22 23:00:00,M,PC,PT,2020-07,25.8,p
ESTAT:DEMO_MEXRT(1.0),12/04/22 23:00:00,M,PC,PT,2020-08,7.0,p
ESTAT:DEMO_MEXRT(1.0),12/04/22 23:00:00,M,PC,PT,2020-09,13.5,p
ESTAT:DEMO_MEXRT(1.0),12/04/22 23:00:00,M,PC,PT,2020-10,14.7,p
ESTAT:DEMO_MEXRT(1.0),12/04/22 23:00:00,M,PC,PT,2020-11,26.4,p
ESTAT:DEMO_MEXRT(1.0),12/04/22 23:00:00,M,PC,PT,2020-12,21.0,p
ESTAT:DEMO_MEXRT(1.0),12/04/22 23:00:00,M,PC,PT,2021-01,60.5,p
ESTAT:DEMO_MEXRT(1.0),12/04/22 23:00:00,M,PC,PT,2021-02,24.6,p
ESTAT:DEMO_MEXRT(1.0),12/04/22 23:00:00,M,PC,PT,2021-03,-4.6,p
ESTAT:DEMO_MEXRT(1.0),12/04/22 23:00:00,M,PC,PT,2021-04,-6.4,p
ESTAT:DEMO_MEXRT(1.0),12/04/22 23:00:00,M,PC,PT,2021-05,-0.8,p
ESTAT:DEMO_MEXRT(1.0),12/04/22 23:00:00,M,PC,PT,2021-06,-0.2,p
ESTAT:DEMO_MEXRT(1.0),12/04/22 23:00:00,M,PC,PT,2021-07,6.3,p
ESTAT:DEMO_MEXRT(1.0),12/04/22 23:00:00,M,PC,PT,2021-08,9.3,p
ESTAT:DEMO_MEXRT(1.0),12/04/22 23:00:00,M,PC,PT,2021-09,8.9,p
ESTAT:DEMO_MEXRT(1.0),12/04/22 23:00:00,M,PC,PT,2021-10,7.9,p
ESTAT:DEMO_MEXRT(1.0),12/04/22 23:00:00,M,PC,PT,2021-11,14.1,p
ESTAT:DEMO_MEXRT(1.0),12/04/22 23:00:00,M,PC,PT,2021-12,6.6,p
ESTAT:DEMO_MEXRT(1.0),12/04/22 23:00:00,M,PC,PT,2022-01,-4.4,p
ESTAT:DEMO_MEXRT(1.0),12/04/22 23:00:00,M,PC,PT,2022-02,4.0,p
ESTAT:DEMO_MEXRT(1.0),12/04/22 23:00:00,M,PC,RO,2020-01,-9.0,
ESTAT:DEMO_MEXRT(1.0),12/04/22 23:00:00,M,PC,RO,2020-02,-2.0,
ESTAT:DEMO_MEXRT(1.0),12/04/22 23:00:00,M,PC,RO,2020-03,-3.4,
ESTAT:DEMO_MEXRT(1.0),12/04/22 23:00:00,M,PC,RO,2020-04,2.6,
ESTAT:DEMO_MEXRT(1.0),12/04/22 23:00:00,M,PC,RO,2020-05,-0.1,
ESTAT:DEMO_MEXRT(1.0),12/04/22 23:00:00,M,PC,RO,2020-06,3.8,
ESTAT:DEMO_MEXRT(1.0),12/04/22 23:00:00,M,PC,RO,2020-07,11.8,
ESTAT:DEMO_MEXRT(1.0),12/04/22 23:00:00,M,PC,RO,2020-08,16.2,
ESTAT:DEMO_MEXRT(1.0),12/04/22 23:00:00,M,PC,RO,2020-09,15.0,
ESTAT:DEMO_MEXRT(1.0),12/04/22 23:00:00,M,PC,RO,2020-10,25.5,
ESTAT:DEMO_MEXRT(1.0),12/04/22 23:00:00,M,PC,RO,2020-11,62.6,
ESTAT:DEMO_MEXRT(1.0),12/04/22 23:00:00,M,PC,RO,2020-12,45.2,
ESTAT:DEMO_MEXRT(1.0),12/04/22 23:00:00,M,PC,RO,2021-01,13.1,p
ESTAT:DEMO_MEXRT(1.0),12/04/22 23:00:00,M,PC,RO,2021-02,6.8,p
ESTAT:DEMO_MEXRT(1.0),12/04/22 23:00:00,M,PC,RO,2021-03,26.2,p
ESTAT:DEMO_MEXRT(1.0),12/04/22 23:00:00,M,PC,RO,2021-04,39.6,p
ESTAT:DEMO_MEXRT(1.0),12/04/22 23:00:00,M,PC,RO,2021-05,16.1,p
ESTAT:DEMO_MEXRT(1.0),12/04/22 23:00:00,M,PC,RO,2021-06,4.9,p
ESTAT:DEMO_MEXRT(1.0),12/04/22 23:00:00,M,PC,RO,2021-07,6.5,p
ESTAT:DEMO_MEXRT(1.0),12/04/22 23:00:00,M,PC,RO,2021-08,2.9,p
ESTAT:DEMO_MEXRT(1.0),12/04/22 23:00:00,M,PC,RO,2021-09,33.0,p
ESTAT:DEMO_MEXRT(1.0),12/04/22 23:00:00,M,PC,RO,2021-10,110.6,p
ESTAT:DEMO_MEXRT(1.0),12/04/22 23:00:00,M,PC,RO,2021-11,69.2,p
ESTAT:DEMO_MEXRT(1.0),12/04/22 23:00:00,M,PC,RO,2021-12,9.9,p
ESTAT:DEMO_MEXRT(1.0),12/04/22 23:00:00,M,PC,RO,2022-01,2.4,p
ESTAT:DEMO_MEXRT(1.0),12/04/22 23:00:00,M,PC,RO,2022-02,28.3,e
ESTAT:DEMO_MEXRT(1.0),12/04/22 23:00:00,M,PC,SE,2020-01,-2.6,
ESTAT:DEMO_MEXRT(1.0),12/04/22 23:00:00,M,PC,SE,2020-02,-5.0,
ESTAT:DEMO_MEXRT(1.0),12/04/22 23:00:00,M,PC,SE,2020-03,1.5,
ESTAT:DEMO_MEXRT(1.0),12/04/22 23:00:00,M,PC,SE,2020-04,38.2,
ESTAT:DEMO_MEXRT(1.0),12/04/22 23:00:00,M,PC,SE,2020-05,23.9,
ESTAT:DEMO_MEXRT(1.0),12/04/22 23:00:00,M,PC,SE,2020-06,10.7,
ESTAT:DEMO_MEXRT(1.0),12/04/22 23:00:00,M,PC,SE,2020-07,-0.7,
ESTAT:DEMO_MEXRT(1.0),12/04/22 23:00:00,M,PC,SE,2020-08,-1.2,
ESTAT:DEMO_MEXRT(1.0),12/04/22 23:00:00,M,PC,SE,2020-09,-1.9,
ESTAT:DEMO_MEXRT(1.0),12/04/22 23:00:00,M,PC,SE,2020-10,-3.3,
ESTAT:DEMO_MEXRT(1.0),12/04/22 23:00:00,M,PC,SE,2020-11,10.7,
ESTAT:DEMO_MEXRT(1.0),12/04/22 23:00:00,M,PC,SE,2020-12,24.5,
ESTAT:DEMO_MEXRT(1.0),12/04/22 23:00:00,M,PC,SE,2021-01,18.6,p
ESTAT:DEMO_MEXRT(1.0),12/04/22 23:00:00,M,PC,SE,2021-02,-4.8,p
ESTAT:DEMO_MEXRT(1.0),12/04/22 23:00:00,M,PC,SE,2021-03,-7.4,p
ESTAT:DEMO_MEXRT(1.0),12/04/22 23:00:00,M,PC,SE,2021-04,-4.2,p
ESTAT:DEMO_MEXRT(1.0),12/04/22 23:00:00,M,PC,SE,2021-05,0.9,p
ESTAT:DEMO_MEXRT(1.0),12/04/22 23:00:00,M,PC,SE,2021-06,-1.7,p
ESTAT:DEMO_MEXRT(1.0),12/04/22 23:00:00,M,PC,SE,2021-07,-1.6,p
ESTAT:DEMO_MEXRT(1.0),12/04/22 23:00:00,M,PC,SE,2021-08,-0.3,p
ESTAT:DEMO_MEXRT(1.0),12/04/22 23:00:00,M,PC,SE,2021-09,3.7,p
ESTAT:DEMO_MEXRT(1.0),12/04/22 23:00:00,M,PC,SE,2021-10,0.1,p
ESTAT:DEMO_MEXRT(1.0),12/04/22 23:00:00,M,PC,SE,2021-11,2.8,p
ESTAT:DEMO_MEXRT(1.0),12/04/22 23:00:00,M,PC,SE,2021-12,4.4,p
ESTAT:DEMO_MEXRT(1.0),12/04/22 23:00:00,M,PC,SE,2022-01,4.4,p
ESTAT:DEMO_MEXRT(1.0),12/04/22 23:00:00,M,PC,SE,2022-02,3.1,p
ESTAT:DEMO_MEXRT(1.0),12/04/22 23:00:00,M,PC,SI,2020-01,-6.1,
ESTAT:DEMO_MEXRT(1.0),12/04/22 23:00:00,M,PC,SI,2020-02,0.3,
ESTAT:DEMO_MEXRT(1.0),12/04/22 23:00:00,M,PC,SI,2020-03,-1.2,
ESTAT:DEMO_MEXRT(1.0),12/04/22 23:00:00,M,PC,SI,2020-04,5.5,
ESTAT:DEMO_MEXRT(1.0),12/04/22 23:00:00,M,PC,SI,2020-05,1.8,
ESTAT:DEMO_MEXRT(1.0),12/04/22 23:00:00,M,PC,SI,2020-06,9.5,
ESTAT:DEMO_MEXRT(1.0),12/04/22 23:00:00,M,PC,SI,2020-07,3.5,
ESTAT:DEMO_MEXRT(1.0),12/04/22 23:00:00,M,PC,SI,2020-08,2.9,
ESTAT:DEMO_MEXRT(1.0),12/04/22 23:00:00,M,PC,SI,2020-09,8.0,
ESTAT:DEMO_MEXRT(1.0),12/04/22 23:00:00,M,PC,SI,2020-10,26.1,
ESTAT:DEMO_MEXRT(1.0),12/04/22 23:00:00,M,PC,SI,2020-11,91.3,
ESTAT:DEMO_MEXRT(1.0),12/04/22 23:00:00,M,PC,SI,2020-12,79.2,p
ESTAT:DEMO_MEXRT(1.0),12/04/22 23:00:00,M,PC,SI,2021-01,27.7,p
ESTAT:DEMO_MEXRT(1.0),12/04/22 23:00:00,M,PC,SI,2021-02,-0.8,p
ESTAT:DEMO_MEXRT(1.0),12/04/22 23:00:00,M,PC,SI,2021-03,3.5,p
ESTAT:DEMO_MEXRT(1.0),12/04/22 23:00:00,M,PC,SI,2021-04,11.5,p
ESTAT:DEMO_MEXRT(1.0),12/04/22 23:00:00,M,PC,SI,2021-05,11.2,p
ESTAT:DEMO_MEXRT(1.0),12/04/22 23:00:00,M,PC,SI,2021-06,15.0,p
ESTAT:DEMO_MEXRT(1.0),12/04/22 23:00:00,M,PC,SI,2021-07,0.5,p
ESTAT:DEMO_MEXRT(1.0),12/04/22 23:00:00,M,PC,SI,2021-08,-4.0,p
ESTAT:DEMO_MEXRT(1.0),12/04/22 23:00:00,M,PC,SI,2021-09,15.8,p
ESTAT:DEMO_MEXRT(1.0),12/04/22 23:00:00,M,PC,SI,2021-10,19.0,p
ESTAT:DEMO_MEXRT(1.0),12/04/22 23:00:00,M,PC,SI,2021-11,51.0,p
ESTAT:DEMO_MEXRT(1.0),12/04/22 23:00:00,M,PC,SI,2021-12,26.1,p
ESTAT:DEMO_MEXRT(1.0),12/04/22 23:00:00,M,PC,SI,2022-01,3.0,p
ESTAT:DEMO_MEXRT(1.0),12/04/22 23:00:00,M,PC,SI,2022-02,14.8,p
ESTAT:DEMO_MEXRT(1.0),12/04/22 23:00:00,M,PC,SK,2020-01,-4.4,p
ESTAT:DEMO_MEXRT(1.0),12/04/22 23:00:00,M,PC,SK,2020-02,-1.6,p
ESTAT:DEMO_MEXRT(1.0),12/04/22 23:00:00,M,PC,SK,2020-03,2.1,p
ESTAT:DEMO_MEXRT(1.0),12/04/22 23:00:00,M,PC,SK,2020-04,-1.2,p
ESTAT:DEMO_MEXRT(1.0),12/04/22 23:00:00,M,PC,SK,2020-05,0.4,p
ESTAT:DEMO_MEXRT(1.0),12/04/22 23:00:00,M,PC,SK,2020-06,0.4,p
ESTAT:DEMO_MEXRT(1.0),12/04/22 23:00:00,M,PC,SK,2020-07,1.6,p
ESTAT:DEMO_MEXRT(1.0),12/04/22 23:00:00,M,PC,SK,2020-08,5.1,p
ESTAT:DEMO_MEXRT(1.0),12/04/22 23:00:00,M,PC,SK,2020-09,5.0,p
ESTAT:DEMO_MEXRT(1.0),12/04/22 23:00:00,M,PC,SK,2020-10,20.7,p
ESTAT:DEMO_MEXRT(1.0),12/04/22 23:00:00,M,PC,SK,2020-11,39.3,p
ESTAT:DEMO_MEXRT(1.0),12/04/22 23:00:00,M,PC,SK,2020-12,57.9,p
ESTAT:DEMO_MEXRT(1.0),12/04/22 23:00:00,M,PC,SK,2021-01,74.9,
ESTAT:DEMO_MEXRT(1.0),12/04/22 23:00:00,M,PC,SK,2021-02,68.8,
ESTAT:DEMO_MEXRT(1.0),12/04/22 23:00:00,M,PC,SK,2021-03,55.1,
ESTAT:DEMO_MEXRT(1.0),12/04/22 23:00:00,M,PC,SK,2021-04,29.0,
ESTAT:DEMO_MEXRT(1.0),12/04/22 23:00:00,M,PC,SK,2021-05,10.5,
ESTAT:DEMO_MEXRT(1.0),12/04/22 23:00:00,M,PC,SK,2021-06,9.1,
ESTAT:DEMO_MEXRT(1.0),12/04/22 23:00:00,M,PC,SK,2021-07,2.4,
ESTAT:DEMO_MEXRT(1.0),12/04/22 23:00:00,M,PC,SK,2021-08,1.1,
ESTAT:DEMO_MEXRT(1.0),12/04/22 23:00:00,M,PC,SK,2021-09,12.8,
ESTAT:DEMO_MEXRT(1.0),12/04/22 23:00:00,M,PC,SK,2021-10,27.0,
ESTAT:DEMO_MEXRT(1.0),12/04/22 23:00:00,M,PC,SK,2021-11,73.0,
ESTAT:DEMO_MEXRT(1.0),12/04/22 23:00:00,M,PC,SK,2021-12,64.4,
ESTAT:DEMO_MEXRT(1.0),12/04/22 23:00:00,M,PC,SK,2022-01,8.3,p
ESTAT:DEMO_MEXRT(1.0),12/04/22 23:00:00,M,PC,SK,2022-02,6.8,e
